clueweb12-0000tw-00-00000	Flash Player	/m/05qh6g
clueweb12-0000tw-00-00001	Flash Player	/m/05qh6g
clueweb12-0000tw-00-00002	Flash Player	/m/05qh6g
clueweb12-0000tw-00-00003	Flash Player	/m/05qh6g
clueweb12-0000tw-00-00004	Flash Player	/m/05qh6g
clueweb12-0000tw-00-00007	light of the world	/m/0gjf48y
clueweb12-0000tw-00-00008	God	/m/0d05l6
clueweb12-0000tw-00-00008	God	/m/0d05l6
clueweb12-0000tw-00-00008	God	/m/0d05l6
clueweb12-0000tw-00-00008	God	/m/0d05l6
clueweb12-0000tw-00-00008	God	/m/0d05l6
clueweb12-0000tw-00-00008	God	/m/0d05l6
clueweb12-0000tw-00-00008	Holy Spirit	/m/03qsc
clueweb12-0000tw-00-00009	Walt Disney World	/m/09b1k
clueweb12-0000tw-00-00009	WDW	/m/09b1k
clueweb12-0000tw-00-00009	WDW	/m/09b1k
clueweb12-0000tw-00-00009	WDW	/m/09b1k
clueweb12-0000tw-00-00009	Disney Princess	/m/0bpywl
clueweb12-0000tw-00-00009	Disney	/m/09b3v
clueweb12-0000tw-00-00009	World series	/m/0fjp3
clueweb12-0000tw-00-00013	HIV Aids	/m/0d19y2
clueweb12-0000tw-00-00013	HIV AIDS	/m/0d19y2
clueweb12-0000tw-00-00013	Acquired Immune Deficiency Syndrome	/m/0d19y2
clueweb12-0000tw-00-00013	HIV-AIDS	/m/03p41
clueweb12-0000tw-00-00013	HIV-AIDS	/m/03p41
clueweb12-0000tw-00-00013	HIV	/m/03p41
clueweb12-0000tw-00-00013	AIDS	/m/03p41
clueweb12-0000tw-00-00013	HIV	/m/03p41
clueweb12-0000tw-00-00013	HIV	/m/03p41
clueweb12-0000tw-00-00013	HIV	/m/03p41
clueweb12-0000tw-00-00013	HIV-AIDS	/m/03p41
clueweb12-0000tw-00-00013	Human Immunodeficiency Virus	/m/03p41
clueweb12-0000tw-00-00014	HIV	/m/03p41
clueweb12-0000tw-00-00014	HIV	/m/03p41
clueweb12-0000tw-00-00014	HIV	/m/03p41
clueweb12-0000tw-00-00014	HIV	/m/03p41
clueweb12-0000tw-00-00014	HIV	/m/03p41
clueweb12-0000tw-00-00014	HIV	/m/03p41
clueweb12-0000tw-00-00014	HIV	/m/03p41
clueweb12-0000tw-00-00014	HIV	/m/03p41
clueweb12-0000tw-00-00014	HIV	/m/03p41
clueweb12-0000tw-00-00014	HIV	/m/03p41
clueweb12-0000tw-00-00014	HIV	/m/03p41
clueweb12-0000tw-00-00014	HIV	/m/03p41
clueweb12-0000tw-00-00014	HIV	/m/03p41
clueweb12-0000tw-00-00014	HIV	/m/03p41
clueweb12-0000tw-00-00014	HIV	/m/03p41
clueweb12-0000tw-00-00014	HIV	/m/03p41
clueweb12-0000tw-00-00014	HIV	/m/03p41
clueweb12-0000tw-00-00014	HIV	/m/03p41
clueweb12-0000tw-00-00014	HIV	/m/03p41
clueweb12-0000tw-00-00014	HIV	/m/03p41
clueweb12-0000tw-00-00014	HIV	/m/03p41
clueweb12-0000tw-00-00014	HIV	/m/03p41
clueweb12-0000tw-00-00014	HIV	/m/03p41
clueweb12-0000tw-00-00014	HIV	/m/03p41
clueweb12-0000tw-00-00014	HIV	/m/03p41
clueweb12-0000tw-00-00014	HIV	/m/03p41
clueweb12-0000tw-00-00014	HIV	/m/03p41
clueweb12-0000tw-00-00014	HIV	/m/03p41
clueweb12-0000tw-00-00014	HIV	/m/03p41
clueweb12-0000tw-00-00014	HIV	/m/03p41
clueweb12-0000tw-00-00014	HIV	/m/03p41
clueweb12-0000tw-00-00014	HIV	/m/03p41
clueweb12-0000tw-00-00014	HIV	/m/03p41
clueweb12-0000tw-00-00014	HIV	/m/03p41
clueweb12-0000tw-00-00014	HIV	/m/03p41
clueweb12-0000tw-00-00014	Human Immunodeficiency Virus	/m/03p41
clueweb12-0000tw-00-00014	HIV	/m/03p41
clueweb12-0000tw-00-00014	AIDS	/m/0d19y2
clueweb12-0000tw-00-00014	AIDS	/m/0d19y2
clueweb12-0000tw-00-00014	AIDS	/m/0d19y2
clueweb12-0000tw-00-00014	AIDS	/m/0d19y2
clueweb12-0000tw-00-00014	AIDS	/m/0d19y2
clueweb12-0000tw-00-00014	AIDS	/m/0d19y2
clueweb12-0000tw-00-00014	AIDS	/m/0d19y2
clueweb12-0000tw-00-00014	AIDS	/m/0d19y2
clueweb12-0000tw-00-00014	AIDS	/m/0d19y2
clueweb12-0000tw-00-00014	AIDS	/m/0d19y2
clueweb12-0000tw-00-00014	AIDS	/m/0d19y2
clueweb12-0000tw-00-00014	AIDS	/m/0d19y2
clueweb12-0000tw-00-00014	AIDS	/m/0d19y2
clueweb12-0000tw-00-00014	AIDS	/m/0d19y2
clueweb12-0000tw-00-00014	AIDS	/m/0d19y2
clueweb12-0000tw-00-00014	AIDS	/m/0d19y2
clueweb12-0000tw-00-00014	AIDS	/m/0d19y2
clueweb12-0000tw-00-00014	AIDS	/m/0d19y2
clueweb12-0000tw-00-00014	AIDS	/m/0d19y2
clueweb12-0000tw-00-00014	AIDS	/m/0d19y2
clueweb12-0000tw-00-00014	AIDS	/m/0d19y2
clueweb12-0000tw-00-00014	AIDS	/m/0d19y2
clueweb12-0000tw-00-00014	AIDS	/m/0d19y2
clueweb12-0000tw-00-00014	AIDS	/m/0d19y2
clueweb12-0000tw-00-00014	AIDS	/m/0d19y2
clueweb12-0000tw-00-00014	AIDS	/m/0d19y2
clueweb12-0000tw-00-00014	AIDS	/m/0d19y2
clueweb12-0000tw-00-00014	AIDS	/m/0d19y2
clueweb12-0000tw-00-00014	AIDS	/m/0d19y2
clueweb12-0000tw-00-00014	AIDS	/m/0d19y2
clueweb12-0000tw-00-00014	AIDS	/m/0d19y2
clueweb12-0000tw-00-00014	AIDS	/m/0d19y2
clueweb12-0000tw-00-00014	AIDS	/m/0d19y2
clueweb12-0000tw-00-00014	AIDS	/m/0d19y2
clueweb12-0000tw-00-00014	Acquired Immune Deficiency Syndrome	/m/0d19y2
clueweb12-0000tw-00-00015	Tinnitus	/m/0pv6y
clueweb12-0000tw-00-00015	Tinnitus	/m/0pv6y
clueweb12-0000tw-00-00015	Internet	/m/03rlt
clueweb12-0000tw-00-00016	AIDS	/m/0d19y2
clueweb12-0000tw-00-00016	AIDS	/m/0d19y2
clueweb12-0000tw-00-00016	AIDS	/m/0d19y2
clueweb12-0000tw-00-00016	AIDS	/m/0d19y2
clueweb12-0000tw-00-00016	AIDS	/m/0d19y2
clueweb12-0000tw-00-00016	AIDS	/m/0d19y2
clueweb12-0000tw-00-00016	AIDS	/m/0d19y2
clueweb12-0000tw-00-00016	AIDS	/m/0d19y2
clueweb12-0000tw-00-00016	AIDS	/m/0d19y2
clueweb12-0000tw-00-00016	AIDS	/m/0d19y2
clueweb12-0000tw-00-00016	AIDS	/m/0d19y2
clueweb12-0000tw-00-00016	AIDS	/m/0d19y2
clueweb12-0000tw-00-00016	AIDS	/m/0d19y2
clueweb12-0000tw-00-00016	AIDS	/m/0d19y2
clueweb12-0000tw-00-00016	AIDS	/m/0d19y2
clueweb12-0000tw-00-00016	AIDS	/m/0d19y2
clueweb12-0000tw-00-00016	AIDS	/m/0d19y2
clueweb12-0000tw-00-00016	AIDS	/m/0d19y2
clueweb12-0000tw-00-00016	AIDS	/m/0d19y2
clueweb12-0000tw-00-00016	AIDS	/m/0d19y2
clueweb12-0000tw-00-00016	AIDS	/m/0d19y2
clueweb12-0000tw-00-00016	AIDS	/m/0d19y2
clueweb12-0000tw-00-00016	AIDS	/m/0d19y2
clueweb12-0000tw-00-00016	AIDS	/m/0d19y2
clueweb12-0000tw-00-00016	AIDS	/m/0d19y2
clueweb12-0000tw-00-00016	AIDS	/m/0d19y2
clueweb12-0000tw-00-00016	HIV	/m/03p41
clueweb12-0000tw-00-00017	Primary HIV Infection	/m/0dfspk
clueweb12-0000tw-00-00017	HIV	/m/03p41
clueweb12-0000tw-00-00017	HIV	/m/03p41
clueweb12-0000tw-00-00017	HIV	/m/03p41
clueweb12-0000tw-00-00017	HIV	/m/03p41
clueweb12-0000tw-00-00017	HIV	/m/03p41
clueweb12-0000tw-00-00017	HIV	/m/03p41
clueweb12-0000tw-00-00017	HIV	/m/03p41
clueweb12-0000tw-00-00017	AIDS	/m/0d19y2
clueweb12-0000tw-00-00018	HIV	/m/03p41
clueweb12-0000tw-00-00018	HIV	/m/03p41
clueweb12-0000tw-00-00018	HIV	/m/03p41
clueweb12-0000tw-00-00018	HIV	/m/03p41
clueweb12-0000tw-00-00018	HIV	/m/03p41
clueweb12-0000tw-00-00018	HIV	/m/03p41
clueweb12-0000tw-00-00018	HIV	/m/03p41
clueweb12-0000tw-00-00018	HIV	/m/03p41
clueweb12-0000tw-00-00018	HIV	/m/03p41
clueweb12-0000tw-00-00018	HIV	/m/03p41
clueweb12-0000tw-00-00018	HIV	/m/03p41
clueweb12-0000tw-00-00018	HIV	/m/03p41
clueweb12-0000tw-00-00018	HIV	/m/03p41
clueweb12-0000tw-00-00018	HIV	/m/03p41
clueweb12-0000tw-00-00018	HIV	/m/03p41
clueweb12-0000tw-00-00018	HIV	/m/03p41
clueweb12-0000tw-00-00018	HIV	/m/03p41
clueweb12-0000tw-00-00018	HIV	/m/03p41
clueweb12-0000tw-00-00018	HIV	/m/03p41
clueweb12-0000tw-00-00018	Berlin	/m/0156q
clueweb12-0000tw-00-00018	CCR5	/m/02kgdfq
clueweb12-0000tw-00-00019	United States	/m/09c7w0
clueweb12-0000tw-00-00019	US	/m/09c7w0
clueweb12-0000tw-00-00019	US	/m/09c7w0
clueweb12-0000tw-00-00019	Medicaid	/m/0fh83
clueweb12-0000tw-00-00019	CDC	/m/01zrs
clueweb12-0000tw-00-00019	National Institute of Mental Health	/m/02bnhg
clueweb12-0000tw-00-00019	NIMH	/m/02bnhg
clueweb12-0000tw-00-00019	NIMH	/m/02bnhg
clueweb12-0000tw-00-00020	Healthcare Management	/m/02qyx7b
clueweb12-0000tw-00-00020	Bachelors	/m/01jz1
clueweb12-0000tw-00-00022	California	/m/01n7q
clueweb12-0000tw-00-00022	Alzheimer	/m/0dcsx
clueweb12-0000tw-00-00023	Americans	/m/09c7w0
clueweb12-0000tw-00-00024	Newspaper	/m/05jnl
clueweb12-0000tw-00-00024	Kansas City	/m/04f_d
clueweb12-0000tw-00-00025	Baby Boomers	/m/0cpgf
clueweb12-0000tw-00-00025	House	/m/03jm5
clueweb12-0000tw-00-00026	Palliative Care	/m/01p8f_
clueweb12-0000tw-00-00026	Palliative Care	/m/01p8f_
clueweb12-0000tw-00-00026	Palliative care	/m/01p8f_
clueweb12-0000tw-00-00026	Palliative care	/m/01p8f_
clueweb12-0000tw-00-00026	Palliative care	/m/01p8f_
clueweb12-0000tw-00-00026	Palliative care	/m/01p8f_
clueweb12-0000tw-00-00026	Palliative care	/m/01p8f_
clueweb12-0000tw-00-00026	Palliative care	/m/01p8f_
clueweb12-0000tw-00-00026	Palliative care	/m/01p8f_
clueweb12-0000tw-00-00026	New Zealand	/m/0ctw_b
clueweb12-0000tw-00-00026	New Zealand	/m/0ctw_b
clueweb12-0000tw-00-00026	New Zealand	/m/0ctw_b
clueweb12-0000tw-00-00026	ACC	/m/09dxbw
clueweb12-0000tw-00-00026	Accident Compensation Corporation	/m/09dxbw
clueweb12-0000tw-00-00026	Ministry of Health	/m/06z840
clueweb12-0000tw-00-00026	New Zealand Ministry of Health	/m/06z840
clueweb12-0000tw-00-00027	United	/m/07y2s
clueweb12-0000tw-00-00027	United	/m/07y2s
clueweb12-0000tw-00-00027	United	/m/07y2s
clueweb12-0000tw-00-00027	United	/m/07y2s
clueweb12-0000tw-00-00027	United	/m/07y2s
clueweb12-0000tw-00-00027	United	/m/07y2s
clueweb12-0000tw-00-00027	United	/m/07y2s
clueweb12-0000tw-00-00027	United Healthcare	/m/060jqm
clueweb12-0000tw-00-00027	United HealthCare	/m/060jqm
clueweb12-0000tw-00-00027	United HealthCare	/m/060jqm
clueweb12-0000tw-00-00027	United HealthCare	/m/060jqm
clueweb12-0000tw-00-00027	United HealthCare	/m/060jqm
clueweb12-0000tw-00-00028	Breast	/m/01fpr
clueweb12-0000tw-00-00028	Susan G. Komen	/m/080bbf
clueweb12-0000tw-00-00028	Charlotte	/m/0fsb8
clueweb12-0000tw-00-00028	Estee Lauder	/m/02x969
clueweb12-0000tw-00-00028	Pink	/m/01fklc
clueweb12-0000tw-00-00028	Breast Cancer	/m/0j8hd
clueweb12-0000tw-00-00029	Primary Health Care	/m/07pkj8
clueweb12-0000tw-00-00029	Austin	/m/0vzm
clueweb12-0000tw-00-00030	Uterine Cancer	/m/0259pl
clueweb12-0000tw-00-00030	Uterine Cancer	/m/0259pl
clueweb12-0000tw-00-00030	Uterine Cancer	/m/0259pl
clueweb12-0000tw-00-00030	Uterine Cancer	/m/0259pl
clueweb12-0000tw-00-00030	Uterine Cancer	/m/0259pl
clueweb12-0000tw-00-00030	Uterine Cancer	/m/0259pl
clueweb12-0000tw-00-00030	Uterine Cancer	/m/0259pl
clueweb12-0000tw-00-00030	Uterine Cancer	/m/0259pl
clueweb12-0000tw-00-00030	Uterine Cancer	/m/0259pl
clueweb12-0000tw-00-00031	Discover	/m/02f8lj
clueweb12-0000tw-00-00031	Leukemia	/m/04psf
clueweb12-0000tw-00-00031	Leukemia	/m/04psf
clueweb12-0000tw-00-00031	Leukemia	/m/04psf
clueweb12-0000tw-00-00031	Myeloma	/m/01qqwn
clueweb12-0000tw-00-00033	Greece	/m/035qy
clueweb12-0000tw-00-00033	Greece	/m/035qy
clueweb12-0000tw-00-00033	Greece	/m/035qy
clueweb12-0000tw-00-00033	Athens	/m/0n2z
clueweb12-0000tw-00-00033	European	/m/02j9z
clueweb12-0000tw-00-00033	CNNMoney	/m/03m3wyd
clueweb12-0000tw-00-00033	CNNMoney	/m/03m3wyd
clueweb12-0000tw-00-00033	NEW YORK	/m/02_286
clueweb12-0000tw-00-00033	NEW YORK	/m/02_286
clueweb12-0000tw-00-00033	US	/m/09c7w0
clueweb12-0000tw-00-00033	Richard Drew	/m/0c14fp
clueweb12-0000tw-00-00033	New York Stock Exchange	/m/05drh
clueweb12-0000tw-00-00034	Europe	/m/02j9z
clueweb12-0000tw-00-00034	New York Times	/m/07k2d
clueweb12-0000tw-00-00034	FRANKFURT	/m/02z0j
clueweb12-0000tw-00-00034	European Central Bank	/m/02l6_
clueweb12-0000tw-00-00034	Bank of England	/m/01fnc
clueweb12-0000tw-00-00035	First Solar	/m/02qtxhn
clueweb12-0000tw-00-00035	First Solar	/m/02qtxhn
clueweb12-0000tw-00-00035	CNN	/m/0gsgr
clueweb12-0000tw-00-00035	CNNMoney	/m/03m3wyd
clueweb12-0000tw-00-00035	NEW YORK	/m/02_286
clueweb12-0000tw-00-00036	Washington Post	/m/0px38
clueweb12-0000tw-00-00037	NYSE Euronext	/m/0bwpfs
clueweb12-0000tw-00-00037	NYSE Euronext	/m/0bwpfs
clueweb12-0000tw-00-00037	NYSE Euronext	/m/0bwpfs
clueweb12-0000tw-00-00037	Q4	/m/01q68
clueweb12-0000tw-00-00037	Q4	/m/01q68
clueweb12-0000tw-00-00037	Washington Post	/m/0px38
clueweb12-0000tw-00-00037	PARIS	/m/05qtj
clueweb12-0000tw-00-00037	Paris	/m/05qtj
clueweb12-0000tw-00-00037	Deutsche Boerse	/m/063dyk
clueweb12-0000tw-00-00037	German	/m/0345h
clueweb12-0000tw-00-00037	New York	/m/02_286
clueweb12-0000tw-00-00038	NYSE Euronext	/m/0bwpfs
clueweb12-0000tw-00-00038	NYSE Euronext	/m/0bwpfs
clueweb12-0000tw-00-00038	NYSE Euronext	/m/0bwpfs
clueweb12-0000tw-00-00038	Q4	/m/01q68
clueweb12-0000tw-00-00038	Q4	/m/01q68
clueweb12-0000tw-00-00038	Washington Post	/m/0px38
clueweb12-0000tw-00-00038	PARIS	/m/05qtj
clueweb12-0000tw-00-00038	Paris	/m/05qtj
clueweb12-0000tw-00-00038	Deutsche Boerse	/m/063dyk
clueweb12-0000tw-00-00038	German	/m/0345h
clueweb12-0000tw-00-00038	New York	/m/02_286
clueweb12-0000tw-00-00039	Reuters	/m/0ps53
clueweb12-0000tw-00-00039	Reuters	/m/0ps53
clueweb12-0000tw-00-00039	Total SA	/m/03d938
clueweb12-0000tw-00-00039	French	/m/0f8l9c
clueweb12-0000tw-00-00040	Haiti	/m/03gyl
clueweb12-0000tw-00-00040	Yele	/m/0lkfn3
clueweb12-0000tw-00-00040	Wyclef Jean	/m/01s1zk
clueweb12-0000tw-00-00041	Irish Times	/m/012vh7
clueweb12-0000tw-00-00041	Russian	/m/06bnz
clueweb12-0000tw-00-00041	Irish Sea	/m/012815
clueweb12-0000tw-00-00041	Holyhead	/m/018vfy
clueweb12-0000tw-00-00041	Wales	/m/0j5g9
clueweb12-0000tw-00-00041	MV Swanland	/m/0hnc8gw
clueweb12-0000tw-00-00046	Internet Explorer	/m/03xw0
clueweb12-0000tw-00-00046	FireFox	/m/01dyhm
clueweb12-0000tw-00-00046	FireFox	/m/01dyhm
clueweb12-0000tw-00-00046	FireFox	/m/01dyhm
clueweb12-0000tw-00-00046	Safari	/m/0168s_
clueweb12-0000tw-00-00046	WMV	/m/01gt3p
clueweb12-0000tw-00-00046	HERE	/m/04mygm4
clueweb12-0000tw-00-00046	MAC	/m/0zd6
clueweb12-0000tw-00-00046	MAC	/m/0zd6
clueweb12-0000tw-00-00046	Flip4Mac	/m/0bf90p
clueweb12-0000tw-00-00046	Windows Media	/m/028x6s
clueweb12-0000tw-00-00046	Internet Service Providers	/m/0pjxv
clueweb12-0000tw-00-00046	ISP	/m/0pjxv
clueweb12-0000tw-00-00047	Prego	/m/08q1jg
clueweb12-0000tw-00-00047	Recipes	/m/0p57p
clueweb12-0000tw-00-00047	Mozzarella	/m/055w7
clueweb12-0000tw-00-00048	Cooking	/m/01mtb
clueweb12-0000tw-00-00049	Paul Prudhomme	/m/04fglp
clueweb12-0000tw-00-00049	Cooking	/m/01mtb
clueweb12-0000tw-00-00050	Cook	/m/04y7pl
clueweb12-0000tw-00-00050	Recipes	/m/0p57p
clueweb12-0000tw-00-00050	Mozzarella	/m/055w7
clueweb12-0000tw-00-00051	Believe It Or Not	/m/02d4mb
clueweb12-0000tw-00-00051	Believe It Or Not	/m/02d4mb
clueweb12-0000tw-00-00051	Costco	/m/029f32
clueweb12-0000tw-00-00051	Costco	/m/029f32
clueweb12-0000tw-00-00051	Costco	/m/029f32
clueweb12-0000tw-00-00051	Sam's	/m/02wqsl
clueweb12-0000tw-00-00051	Halloween	/m/03lq2
clueweb12-0000tw-00-00053	The Bourne Legacy	/m/03qnvdl
clueweb12-0000tw-00-00053	Matt Damon	/m/0169dl
clueweb12-0000tw-00-00053	Matt Damon	/m/0169dl
clueweb12-0000tw-00-00053	Jeremy Renner	/m/0blq0z
clueweb12-0000tw-00-00053	Tony Gilroy	/m/07l8vs
clueweb12-0000tw-00-00054	Indonesia	/m/03ryn
clueweb12-0000tw-00-00054	Indonesia	/m/03ryn
clueweb12-0000tw-00-00054	Indonesia	/m/03ryn
clueweb12-0000tw-00-00054	Indonesia	/m/03ryn
clueweb12-0000tw-00-00054	Indonesian	/m/03ryn
clueweb12-0000tw-00-00054	Indonesian	/m/03ryn
clueweb12-0000tw-00-00054	Greyson Chance	/m/0bxzfbd
clueweb12-0000tw-00-00054	Greyson	/m/0bxzfbd
clueweb12-0000tw-00-00054	Greyson Chance	/m/0bxzfbd
clueweb12-0000tw-00-00054	Greyson Chance	/m/0bxzfbd
clueweb12-0000tw-00-00054	Greyson	/m/0bxzfbd
clueweb12-0000tw-00-00054	Greyson Chance	/m/0bxzfbd
clueweb12-0000tw-00-00054	Greyson	/m/0bxzfbd
clueweb12-0000tw-00-00054	Greyson	/m/0bxzfbd
clueweb12-0000tw-00-00054	Greyson	/m/0bxzfbd
clueweb12-0000tw-00-00054	Greyson	/m/0bxzfbd
clueweb12-0000tw-00-00054	Greyson	/m/0bxzfbd
clueweb12-0000tw-00-00054	Greyson	/m/0bxzfbd
clueweb12-0000tw-00-00054	Greyson	/m/0bxzfbd
clueweb12-0000tw-00-00054	Greyson	/m/0bxzfbd
clueweb12-0000tw-00-00054	Greyson	/m/0bxzfbd
clueweb12-0000tw-00-00054	Greyson	/m/0bxzfbd
clueweb12-0000tw-00-00054	Greyson	/m/0bxzfbd
clueweb12-0000tw-00-00054	Greyson Chance	/m/0bxzfbd
clueweb12-0000tw-00-00054	Greyson Michael Chance	/m/0bxzfbd
clueweb12-0000tw-00-00054	Asia	/m/0j0k
clueweb12-0000tw-00-00054	Asia	/m/0j0k
clueweb12-0000tw-00-00054	You Tube	/m/09jcvs
clueweb12-0000tw-00-00054	You Tube	/m/09jcvs
clueweb12-0000tw-00-00054	Twitter	/m/0289n8t
clueweb12-0000tw-00-00054	Oklahoma	/m/05mph
clueweb12-0000tw-00-00054	Paparazzi	/m/0nl4q49
clueweb12-0000tw-00-00054	Lady Gaga	/m/0478__m
clueweb12-0000tw-00-00054	Lady Gaga	/m/0478__m
clueweb12-0000tw-00-00054	Lady Gaga	/m/0478__m
clueweb12-0000tw-00-00054	Ellen DeGeneres Show	/m/0528kc
clueweb12-0000tw-00-00054	Ellen	/m/0528kc
clueweb12-0000tw-00-00054	Ellen	/m/0528kc
clueweb12-0000tw-00-00054	Los Angeles	/m/030qb3t
clueweb12-0000tw-00-00054	Broken Hearts	/m/018g63v
clueweb12-0000tw-00-00054	Ellen DeGeneres	/m/01gbbz
clueweb12-0000tw-00-00054	Ellen DeGeneres	/m/01gbbz
clueweb12-0000tw-00-00054	Ellen DeGeneres	/m/01gbbz
clueweb12-0000tw-00-00054	Interscope Records	/m/01trtc
clueweb12-0000tw-00-00054	Yahoo	/m/019rl6
clueweb12-0000tw-00-00054	Los Angeles Times	/m/01p06z
clueweb12-0000tw-00-00054	ABC World News	/m/01bnbs
clueweb12-0000tw-00-00054	David Archuleta	/m/03nwxfw
clueweb12-0000tw-00-00054	Guy Oseary	/m/0dpjz8
clueweb12-0000tw-00-00054	Madonna	/m/01vs_v8
clueweb12-0000tw-00-00054	Demi Moore	/m/019pm_
clueweb12-0000tw-00-00054	Waiting Outside the Lines	/m/0gfjdg0
clueweb12-0000tw-00-00054	iTunes	/m/019g58
clueweb12-0000tw-00-00054	Waiting4U	/m/0gxz86v
clueweb12-0000tw-00-00054	USA	/m/09c7w0
clueweb12-0000tw-00-00054	Cody Simpson	/m/0bxzygh
clueweb12-0000tw-00-00054	Australian	/m/0chghy
clueweb12-0000tw-00-00054	Hold On 'Til the Night	/m/0h1gl55
clueweb12-0000tw-00-00054	Malaysia	/m/09pmkv
clueweb12-0000tw-00-00054	Singapore	/m/06t2t
clueweb12-0000tw-00-00054	Philippine	/m/05v8c
clueweb12-0000tw-00-00054	Fox	/m/0cjdk
clueweb12-0000tw-00-00054	Raising Hope	/m/0c01d7p
clueweb12-0000tw-00-00054	Christina Aguilera	/m/0127s7
clueweb12-0000tw-00-00054	John Lennon	/m/01vsl3_
clueweb12-0000tw-00-00054	Elton John	/m/01vrz41
clueweb12-0000tw-00-00054	Pink	/m/01vrt_c
clueweb12-0000tw-00-00054	Hayley Williams	/m/057xn_m
clueweb12-0000tw-00-00056	Ron Paul	/m/016lh0
clueweb12-0000tw-00-00056	Ron Paul	/m/016lh0
clueweb12-0000tw-00-00056	MSNBC	/m/0152x_
clueweb12-0000tw-00-00056	MSNBC	/m/0152x_
clueweb12-0000tw-00-00056	South Africa	/m/0hzlz
clueweb12-0000tw-00-00056	Gothamist	/m/0h7tps
clueweb12-0000tw-00-00056	Gothamist	/m/0h7tps
clueweb12-0000tw-00-00056	Gothamist	/m/0h7tps
clueweb12-0000tw-00-00056	Gothamist	/m/0h7tps
clueweb12-0000tw-00-00056	Rhino	/m/03d443
clueweb12-0000tw-00-00056	Rhino	/m/03d443
clueweb12-0000tw-00-00056	Rhinos	/m/03d443
clueweb12-0000tw-00-00056	X-ray	/m/087gx
clueweb12-0000tw-00-00057	Brian Cashman	/m/04mg4t
clueweb12-0000tw-00-00057	Brian Cashman	/m/04mg4t
clueweb12-0000tw-00-00057	Cashman	/m/04mg4t
clueweb12-0000tw-00-00057	Cashman	/m/04mg4t
clueweb12-0000tw-00-00057	Cashman	/m/04mg4t
clueweb12-0000tw-00-00057	Cashman	/m/04mg4t
clueweb12-0000tw-00-00057	Cashman	/m/04mg4t
clueweb12-0000tw-00-00057	Cashman	/m/04mg4t
clueweb12-0000tw-00-00057	Cashman	/m/04mg4t
clueweb12-0000tw-00-00057	Cashman	/m/04mg4t
clueweb12-0000tw-00-00057	Cashman	/m/04mg4t
clueweb12-0000tw-00-00057	Yankees	/m/0cqt41
clueweb12-0000tw-00-00057	Yankees	/m/0cqt41
clueweb12-0000tw-00-00057	Yankees	/m/0cqt41
clueweb12-0000tw-00-00057	Daily News	/m/02jf15
clueweb12-0000tw-00-00057	Southern District of New York	/m/037ycj
clueweb12-0000tw-00-00057	FBI	/m/02_1m
clueweb12-0000tw-00-00057	British	/m/07ssc
clueweb12-0000tw-00-00057	Manhattan	/m/0cc56
clueweb12-0000tw-00-00057	Post	/m/05p7hcr
clueweb12-0000tw-00-00057	Post	/m/05p7hcr
clueweb12-0000tw-00-00057	Documentary	/m/0jtdp
clueweb12-0000tw-00-00057	Fatal Attraction	/m/0yx7h
clueweb12-0000tw-00-00057	Gothamist	/m/0h7tps
clueweb12-0000tw-00-00057	Gothamist	/m/0h7tps
clueweb12-0000tw-00-00058	Sauce	/m/0grqz
clueweb12-0000tw-00-00058	Sauce	/m/0grqz
clueweb12-0000tw-00-00058	Sauce	/m/0grqz
clueweb12-0000tw-00-00058	Sauce	/m/0grqz
clueweb12-0000tw-00-00058	Sauce	/m/0grqz
clueweb12-0000tw-00-00058	Sauce	/m/0grqz
clueweb12-0000tw-00-00058	Italian	/m/03rjj
clueweb12-0000tw-00-00058	Italian	/m/03rjj
clueweb12-0000tw-00-00058	Mother	/m/07kbc79
clueweb12-0000tw-00-00058	East Village	/m/01q2_k
clueweb12-0000tw-00-00058	Albany	/m/0dq16
clueweb12-0000tw-00-00058	LIC	/m/0g4k0
clueweb12-0000tw-00-00058	New York	/m/02_286
clueweb12-0000tw-00-00058	Surgeon General	/m/01g242
clueweb12-0000tw-00-00058	Xmas	/m/0254hj
clueweb12-0000tw-00-00058	Gothamist	/m/0h7tps
clueweb12-0000tw-00-00058	Gothamist	/m/0h7tps
clueweb12-0000tw-00-00059	Inwood	/m/011sj6
clueweb12-0000tw-00-00059	Brighton Beach	/m/03pyx8
clueweb12-0000tw-00-00059	Upper West Side	/m/01w9hg
clueweb12-0000tw-00-00059	American	/m/09c7w0
clueweb12-0000tw-00-00059	NY Post	/m/0px3s
clueweb12-0000tw-00-00059	East Coast	/m/0m8cr
clueweb12-0000tw-00-00059	Facebook	/m/02y1vz
clueweb12-0000tw-00-00059	New York	/m/02_286
clueweb12-0000tw-00-00059	New England	/m/029jpy
clueweb12-0000tw-00-00059	Andre	/m/0c19wn
clueweb12-0000tw-00-00059	Andre	/m/0c19wn
clueweb12-0000tw-00-00059	Staten Island	/m/0y62n
clueweb12-0000tw-00-00059	Rockaway	/m/031fcj
clueweb12-0000tw-00-00059	New York Bay	/m/025cb8
clueweb12-0000tw-00-00059	Verrazano-Narrows Bridge	/m/01q6lq
clueweb12-0000tw-00-00059	Brooklyn	/m/0cr3d
clueweb12-0000tw-00-00059	Central Park Zoo	/m/04h9fs
clueweb12-0000tw-00-00059	Gothamist	/m/0h7tps
clueweb12-0000tw-00-00059	Gothamist	/m/0h7tps
clueweb12-0000tw-00-00060	Greg Kelly	/m/0bl_7t
clueweb12-0000tw-00-00060	Kelly	/m/0bl_7t
clueweb12-0000tw-00-00060	Kelly	/m/0bl_7t
clueweb12-0000tw-00-00060	Kelly	/m/0bl_7t
clueweb12-0000tw-00-00060	Kelly	/m/0bl_7t
clueweb12-0000tw-00-00060	Greg Kelly	/m/0bl_7t
clueweb12-0000tw-00-00060	Kelly	/m/0bl_7t
clueweb12-0000tw-00-00060	Kelly	/m/0bl_7t
clueweb12-0000tw-00-00060	Greg Kelly	/m/0bl_7t
clueweb12-0000tw-00-00060	Kelly	/m/0bl_7t
clueweb12-0000tw-00-00060	Kelly	/m/0bl_7t
clueweb12-0000tw-00-00060	Greg Kelly	/m/0bl_7t
clueweb12-0000tw-00-00060	Greg	/m/0bl_7t
clueweb12-0000tw-00-00060	Kelly	/m/0bl_7t
clueweb12-0000tw-00-00060	Greg Kelly	/m/0bl_7t
clueweb12-0000tw-00-00060	Greg Kelly	/m/0bl_7t
clueweb12-0000tw-00-00060	Kelly	/m/0bl_7t
clueweb12-0000tw-00-00060	Greg Kelly	/m/0bl_7t
clueweb12-0000tw-00-00060	New YORK	/m/02_286
clueweb12-0000tw-00-00060	Rosanna Scotto	/m/095ll6
clueweb12-0000tw-00-00060	Scotto	/m/095ll6
clueweb12-0000tw-00-00060	Twitter	/m/0289n8t
clueweb12-0000tw-00-00060	Ray Kelly	/m/0gcjlcm
clueweb12-0000tw-00-00060	Bloomberg	/m/027sm6
clueweb12-0000tw-00-00060	Bloomberg	/m/027sm6
clueweb12-0000tw-00-00060	DA	/m/0242xw
clueweb12-0000tw-00-00060	DA	/m/0242xw
clueweb12-0000tw-00-00060	DA	/m/0242xw
clueweb12-0000tw-00-00060	DA	/m/0242xw
clueweb12-0000tw-00-00060	DA	/m/0242xw
clueweb12-0000tw-00-00060	Lol	/m/01qbld
clueweb12-0000tw-00-00060	NYPd	/m/01lvn4
clueweb12-0000tw-00-00060	NYPD	/m/01lvn4
clueweb12-0000tw-00-00060	NYPD	/m/01lvn4
clueweb12-0000tw-00-00060	Dude	/m/01xgsv
clueweb12-0000tw-00-00060	Post	/m/02hckn
clueweb12-0000tw-00-00060	National Enquirer	/m/020g37
clueweb12-0000tw-00-00060	Linda Fairstein	/m/0bllq5
clueweb12-0000tw-00-00060	NYPD Commissioner	/m/05wwf7
clueweb12-0000tw-00-00060	Nice	/m/0cp6w
clueweb12-0000tw-00-00060	New YORK POST	/m/0px3s
clueweb12-0000tw-00-00060	Gothamist	/m/0h7tps
clueweb12-0000tw-00-00061	Indian Point	/m/05j6y0
clueweb12-0000tw-00-00061	Indian Point	/m/05j6y0
clueweb12-0000tw-00-00061	Indian Point	/m/05j6y0
clueweb12-0000tw-00-00061	Indian Point	/m/05j6y0
clueweb12-0000tw-00-00061	Indian Point	/m/05j6y0
clueweb12-0000tw-00-00061	Indian Point	/m/05j6y0
clueweb12-0000tw-00-00061	Indian Point	/m/05j6y0
clueweb12-0000tw-00-00061	Georgia	/m/0d0x8
clueweb12-0000tw-00-00061	Georgia	/m/0d0x8
clueweb12-0000tw-00-00061	Georgia	/m/0d0x8
clueweb12-0000tw-00-00061	Georgia	/m/0d0x8
clueweb12-0000tw-00-00061	Nuclear Regulatory Commission	/m/015_kb
clueweb12-0000tw-00-00061	Nuclear Regulatory Commission	/m/015_kb
clueweb12-0000tw-00-00061	Augusta	/m/01ktz1
clueweb12-0000tw-00-00061	Three Mile Island	/m/0qjvd
clueweb12-0000tw-00-00061	New York City	/m/02_286
clueweb12-0000tw-00-00061	NYC	/m/02_286
clueweb12-0000tw-00-00061	CBS	/m/09d5h
clueweb12-0000tw-00-00061	Japan	/m/03_3d
clueweb12-0000tw-00-00061	New York Public Interest Research Group	/m/040k1y
clueweb12-0000tw-00-00061	Public Citizen	/m/01bvkn
clueweb12-0000tw-00-00061	Washington Post	/m/0px38
clueweb12-0000tw-00-00061	Gen	/m/0130xz
clueweb12-0000tw-00-00061	Gothamist	/m/0h7tps
clueweb12-0000tw-00-00061	Gothamist	/m/0h7tps
clueweb12-0000tw-00-00062	Brooklyn Tech	/m/021bkl
clueweb12-0000tw-00-00062	Times	/m/09rkd
clueweb12-0000tw-00-00062	Cathie Black	/m/0ds092t
clueweb12-0000tw-00-00062	Occupy Wall Street	/m/0h63jfq
clueweb12-0000tw-00-00062	OccupyWallStreet	/m/0h63jfq
clueweb12-0000tw-00-00062	Department of Education	/m/03cf3jg
clueweb12-0000tw-00-00062	NYPD	/m/01lvn4
clueweb12-0000tw-00-00062	Bloomberg	/m/027sm6
clueweb12-0000tw-00-00062	Bloomberg	/m/027sm6
clueweb12-0000tw-00-00062	NYC	/m/02_286
clueweb12-0000tw-00-00062	NYC	/m/02_286
clueweb12-0000tw-00-00062	NYC	/m/02_286
clueweb12-0000tw-00-00062	UFT	/m/0705j0
clueweb12-0000tw-00-00062	Gothamist	/m/0h7tps
clueweb12-0000tw-00-00062	Gothamist	/m/0h7tps
clueweb12-0000tw-00-00063	Richard Kirshenbaum	/m/0j9p476
clueweb12-0000tw-00-00063	Richard Kirshenbaum	/m/0j9p476
clueweb12-0000tw-00-00063	Richard	/m/0j9p476
clueweb12-0000tw-00-00063	Levi	/m/02j46m
clueweb12-0000tw-00-00063	Levi	/m/02j46m
clueweb12-0000tw-00-00063	Levi	/m/02j46m
clueweb12-0000tw-00-00063	Levi	/m/02j46m
clueweb12-0000tw-00-00063	Roman	/m/06cmp
clueweb12-0000tw-00-00063	Roman	/m/06cmp
clueweb12-0000tw-00-00063	Roman	/m/06cmp
clueweb12-0000tw-00-00063	Roman	/m/06cmp
clueweb12-0000tw-00-00063	Jerusalem	/m/0430_
clueweb12-0000tw-00-00063	Rome	/m/06c62
clueweb12-0000tw-00-00063	Romans	/m/02l341
clueweb12-0000tw-00-00063	Princess Diana	/m/06053
clueweb12-0000tw-00-00063	Ed McMahon	/m/01nr63
clueweb12-0000tw-00-00063	US	/m/09c7w0
clueweb12-0000tw-00-00063	US	/m/09c7w0
clueweb12-0000tw-00-00063	US	/m/09c7w0
clueweb12-0000tw-00-00063	Amazon	/m/0mgkg
clueweb12-0000tw-00-00063	Stephen Windwalker	/m/04jc5lt
clueweb12-0000tw-00-00064	BA	/m/014mlp
clueweb12-0000tw-00-00064	Psychology	/m/05qfh
clueweb12-0000tw-00-00064	Hope	/m/0d846
clueweb12-0000tw-00-00064	Meditation	/m/0517l
clueweb12-0000tw-00-00064	Harlequin	/m/08tplc
clueweb12-0000tw-00-00064	Romance Writers of America	/m/0chmg4
clueweb12-0000tw-00-00064	Canada	/m/0d060g
clueweb12-0000tw-00-00064	US	/m/09c7w0
clueweb12-0000tw-00-00064	US	/m/09c7w0
clueweb12-0000tw-00-00064	US	/m/09c7w0
clueweb12-0000tw-00-00065	US	/m/09c7w0
clueweb12-0000tw-00-00065	US	/m/09c7w0
clueweb12-0000tw-00-00065	US	/m/09c7w0
clueweb12-0000tw-00-00065	US	/m/09c7w0
clueweb12-0000tw-00-00065	US	/m/09c7w0
clueweb12-0000tw-00-00065	US	/m/09c7w0
clueweb12-0000tw-00-00065	Amazon	/m/0mgkg
clueweb12-0000tw-00-00065	Amazon	/m/0mgkg
clueweb12-0000tw-00-00065	South African	/m/0hzlz
clueweb12-0000tw-00-00065	Virginia beach	/m/0mn0v
clueweb12-0000tw-00-00065	Richmond	/m/0dzt9
clueweb12-0000tw-00-00065	John Williams	/m/0146pg
clueweb12-0000tw-00-00065	John	/m/0146pg
clueweb12-0000tw-00-00065	John	/m/0146pg
clueweb12-0000tw-00-00065	Midwest	/m/0q76g
clueweb12-0000tw-00-00065	India	/m/03rk0
clueweb12-0000tw-00-00065	Stephen Windwalker	/m/04jc5lt
clueweb12-0000tw-00-00066	CAPPUCCINO	/m/09702
clueweb12-0000tw-00-00066	US	/m/09c7w0
clueweb12-0000tw-00-00066	US	/m/09c7w0
clueweb12-0000tw-00-00066	US	/m/09c7w0
clueweb12-0000tw-00-00066	US	/m/09c7w0
clueweb12-0000tw-00-00066	US	/m/09c7w0
clueweb12-0000tw-00-00066	US	/m/09c7w0
clueweb12-0000tw-00-00066	Amazon	/m/0mgkg
clueweb12-0000tw-00-00066	Amazon	/m/0mgkg
clueweb12-0000tw-00-00066	Midwest	/m/0q76g
clueweb12-0000tw-00-00066	India	/m/03rk0
clueweb12-0000tw-00-00066	Stephen Windwalker	/m/04jc5lt
clueweb12-0000tw-00-00067	US	/m/09c7w0
clueweb12-0000tw-00-00067	US	/m/09c7w0
clueweb12-0000tw-00-00067	US	/m/09c7w0
clueweb12-0000tw-00-00067	US	/m/09c7w0
clueweb12-0000tw-00-00067	US	/m/09c7w0
clueweb12-0000tw-00-00067	US	/m/09c7w0
clueweb12-0000tw-00-00067	US	/m/09c7w0
clueweb12-0000tw-00-00067	Amazon	/m/0mgkg
clueweb12-0000tw-00-00067	Amazon	/m/0mgkg
clueweb12-0000tw-00-00067	Mensa	/m/0140pf
clueweb12-0000tw-00-00067	St. Croix	/m/01hd63
clueweb12-0000tw-00-00067	Supreme Court	/m/07sz1
clueweb12-0000tw-00-00067	South Carolina	/m/06yxd
clueweb12-0000tw-00-00067	Richmond	/m/0dzt9
clueweb12-0000tw-00-00067	Stephen Windwalker	/m/04jc5lt
clueweb12-0000tw-00-00069	Wiccans	/m/08356
clueweb12-0000tw-00-00069	Craft	/m/01mrgs
clueweb12-0000tw-00-00069	Educator	/m/02jfc
clueweb12-0000tw-00-00070	UK	/m/07ssc
clueweb12-0000tw-00-00070	UK	/m/07ssc
clueweb12-0000tw-00-00070	UK	/m/07ssc
clueweb12-0000tw-00-00070	UK	/m/07ssc
clueweb12-0000tw-00-00070	UK	/m/07ssc
clueweb12-0000tw-00-00070	Netflix	/m/017rf_
clueweb12-0000tw-00-00070	Adobe	/m/0h_4
clueweb12-0000tw-00-00070	New York Times	/m/07k2d
clueweb12-0000tw-00-00070	Rocksteady	/m/04g1jgw
clueweb12-0000tw-00-00070	CVG	/m/04ttvx
clueweb12-0000tw-00-00070	US	/m/09c7w0
clueweb12-0000tw-00-00070	Montreal	/m/052p7
clueweb12-0000tw-00-00070	King Arthur II	/m/0hzmwm0
clueweb12-0000tw-00-00070	King Arthur II	/m/0hzmwm0
clueweb12-0000tw-00-00070	King Arthur II	/m/0hzmwm0
clueweb12-0000tw-00-00070	King Arthur	/m/04904
clueweb12-0000tw-00-00070	Total War	/m/02l2fg
clueweb12-0000tw-00-00070	HR	/m/03nzg
clueweb12-0000tw-00-00070	TAG	/m/05p_8g
clueweb12-0000tw-00-00070	Team Ico	/m/02pvg7d
clueweb12-0000tw-00-00070	Ico	/m/015dh6
clueweb12-0000tw-00-00070	Shadow of the Colossus	/m/05zht0
clueweb12-0000tw-00-00070	Shadow of the Colossus	/m/05zht0
clueweb12-0000tw-00-00070	Last Guardian	/m/06404g0
clueweb12-0000tw-00-00070	Last Guardian	/m/06404g0
clueweb12-0000tw-00-00070	Last Guardian	/m/06404g0
clueweb12-0000tw-00-00070	Fumito Ueda	/m/08mljy
clueweb12-0000tw-00-00070	Ueda	/m/08mljy
clueweb12-0000tw-00-00070	Sony	/m/06q07
clueweb12-0000tw-00-00070	Sony	/m/06q07
clueweb12-0000tw-00-00070	1UP	/m/065x3t
clueweb12-0000tw-00-00070	Shuhei Yoshida	/m/0h6730v
clueweb12-0000tw-00-00070	Yoshida	/m/0h6730v
clueweb12-0000tw-00-00070	Wii U	/m/0gls6tt
clueweb12-0000tw-00-00070	Wii U	/m/0gls6tt
clueweb12-0000tw-00-00070	GameSpot	/m/03x5tj
clueweb12-0000tw-00-00070	PS Vita	/m/0fqq_84
clueweb12-0000tw-00-00070	Juliet	/m/0jw3k
clueweb12-0000tw-00-00070	Juliet	/m/0jw3k
clueweb12-0000tw-00-00070	Juliet	/m/0jw3k
clueweb12-0000tw-00-00070	Juliet	/m/0jw3k
clueweb12-0000tw-00-00070	Lollipop Chainsaw	/m/0h1gty3
clueweb12-0000tw-00-00070	Suda 51	/m/05ttdr
clueweb12-0000tw-00-00070	PAX	/m/0b5881
clueweb12-0000tw-00-00070	Splatter	/m/02vn3k
clueweb12-0000tw-00-00070	Spring	/m/01txr2
clueweb12-0000tw-00-00070	Frictional Games	/m/03qh21m
clueweb12-0000tw-00-00070	Frictional	/m/03qh21m
clueweb12-0000tw-00-00070	Amnesia: The Dark Descent	/m/09g9srb
clueweb12-0000tw-00-00070	Google Maps	/m/055t58
clueweb12-0000tw-00-00070	China	/m/0d05w3
clueweb12-0000tw-00-00070	China	/m/0d05w3
clueweb12-0000tw-00-00070	Rock Paper Shotgun	/m/06wc8qr
clueweb12-0000tw-00-00070	Mass Effect 3	/m/04f2mnn
clueweb12-0000tw-00-00070	Mass Effect 3	/m/04f2mnn
clueweb12-0000tw-00-00070	BioWare	/m/0j2c3
clueweb12-0000tw-00-00070	BioWare	/m/0j2c3
clueweb12-0000tw-00-00070	PS3	/m/067gh
clueweb12-0000tw-00-00070	Xbox 360	/m/02plp2
clueweb12-0000tw-00-00070	Shurikens	/m/011j2w
clueweb12-0000tw-00-00070	Old Republic	/m/04q3kvg
clueweb12-0000tw-00-00070	Time	/m/07s52
clueweb12-0000tw-00-00070	Time	/m/07s52
clueweb12-0000tw-00-00070	Starhawk	/m/0gtwc_j
clueweb12-0000tw-00-00070	Skyrim	/m/04gmzj
clueweb12-0000tw-00-00070	Double Fine	/m/02bkx8
clueweb12-0000tw-00-00071	Geek	/m/034qy
clueweb12-0000tw-00-00071	Geek	/m/034qy
clueweb12-0000tw-00-00071	Today	/m/01h1bf
clueweb12-0000tw-00-00071	Amazon	/m/0mgkg
clueweb12-0000tw-00-00071	Kindle	/m/03d068f
clueweb12-0000tw-00-00071	Barnes and Noble	/m/01b7dt
clueweb12-0000tw-00-00071	Nook	/m/080dlpk
clueweb12-0000tw-00-00071	Apple	/m/0k8z
clueweb12-0000tw-00-00071	iPad	/m/09rvlp4
clueweb12-0000tw-00-00071	iPad	/m/09rvlp4
clueweb12-0000tw-00-00071	Pikimal	/m/0gtx5dl
clueweb12-0000tw-00-00071	Pikimal	/m/0gtx5dl
clueweb12-0000tw-00-00071	Pikimal	/m/0gtx5dl
clueweb12-0000tw-00-00071	Pikimal	/m/0gtx5dl
clueweb12-0000tw-00-00071	Pikimal	/m/0gtx5dl
clueweb12-0000tw-00-00071	Thunderdome	/m/02v1cp
clueweb12-0000tw-00-00071	eReader	/m/0hhssjq
clueweb12-0000tw-00-00071	Twitter	/m/0289n8t
clueweb12-0000tw-00-00071	Old Republic	/m/04q3kvg
clueweb12-0000tw-00-00071	Time	/m/07s52
clueweb12-0000tw-00-00071	Time	/m/07s52
clueweb12-0000tw-00-00071	Skyrim	/m/04gmzj
clueweb12-0000tw-00-00071	Double Fine	/m/02bkx8
clueweb12-0000tw-00-00072	Old Republic	/m/04q3kvg
clueweb12-0000tw-00-00072	Time	/m/07s52
clueweb12-0000tw-00-00072	Time	/m/07s52
clueweb12-0000tw-00-00072	Skyrim	/m/04gmzj
clueweb12-0000tw-00-00073	PSN	/m/0c1jl_
clueweb12-0000tw-00-00073	PSN	/m/0c1jl_
clueweb12-0000tw-00-00073	PSN	/m/0c1jl_
clueweb12-0000tw-00-00073	Valentine's Day	/m/018y5m
clueweb12-0000tw-00-00073	Catherine	/m/0crj511
clueweb12-0000tw-00-00073	Catherine	/m/0crj511
clueweb12-0000tw-00-00073	Catherine	/m/0crj511
clueweb12-0000tw-00-00073	PS2	/m/066kp
clueweb12-0000tw-00-00073	DLC	/m/03mg0nl
clueweb12-0000tw-00-00073	Final Fantasy XIII-2	/m/0g9sv_q
clueweb12-0000tw-00-00073	Katherine	/m/02lm3f
clueweb12-0000tw-00-00073	Naughty Dog	/m/04sfn5
clueweb12-0000tw-00-00073	Jak and Daxter	/m/02mrr1
clueweb12-0000tw-00-00073	GTA	/m/04w8jw
clueweb12-0000tw-00-00073	Burns	/m/01hwqk
clueweb12-0000tw-00-00073	Smithers	/m/0h897
clueweb12-0000tw-00-00073	The Simpsons Arcade Game	/m/0401_3
clueweb12-0000tw-00-00073	Shurikens	/m/011j2w
clueweb12-0000tw-00-00073	Old Republic	/m/04q3kvg
clueweb12-0000tw-00-00073	Time	/m/07s52
clueweb12-0000tw-00-00073	Time	/m/07s52
clueweb12-0000tw-00-00073	Starhawk	/m/0gtwc_j
clueweb12-0000tw-00-00073	Skyrim	/m/04gmzj
clueweb12-0000tw-00-00074	Valve	/m/0dwl2
clueweb12-0000tw-00-00074	Valve	/m/0dwl2
clueweb12-0000tw-00-00074	Valve	/m/0dwl2
clueweb12-0000tw-00-00074	Valve	/m/0dwl2
clueweb12-0000tw-00-00074	Valve	/m/0dwl2
clueweb12-0000tw-00-00074	Valve	/m/0dwl2
clueweb12-0000tw-00-00074	Valve	/m/0dwl2
clueweb12-0000tw-00-00074	Blizzard	/m/01jx9
clueweb12-0000tw-00-00074	Blizzard	/m/01jx9
clueweb12-0000tw-00-00074	Blizzard	/m/01jx9
clueweb12-0000tw-00-00074	Blizzard	/m/01jx9
clueweb12-0000tw-00-00074	Blizzard	/m/01jx9
clueweb12-0000tw-00-00074	Blizzard	/m/01jx9
clueweb12-0000tw-00-00074	Blizzard	/m/01jx9
clueweb12-0000tw-00-00074	Blizzard	/m/01jx9
clueweb12-0000tw-00-00074	Blizzard	/m/01jx9
clueweb12-0000tw-00-00074	Blizzard	/m/01jx9
clueweb12-0000tw-00-00074	RTS	/m/0k80c
clueweb12-0000tw-00-00074	Warcraft 3	/m/0gldg
clueweb12-0000tw-00-00074	DOTA 2	/m/0dlkwn1
clueweb12-0000tw-00-00074	Dota 2	/m/0dlkwn1
clueweb12-0000tw-00-00074	Icefrog	/m/0h3x557
clueweb12-0000tw-00-00074	Icefrog	/m/0h3x557
clueweb12-0000tw-00-00074	Starcraft 2	/m/02qty_5
clueweb12-0000tw-00-00074	Defense of the Ancients	/m/073pnt
clueweb12-0000tw-00-00074	Dota	/m/073pnt
clueweb12-0000tw-00-00074	EULA	/m/0d6s7
clueweb12-0000tw-00-00074	Program	/m/01pqtb
clueweb12-0000tw-00-00074	Program	/m/01pqtb
clueweb12-0000tw-00-00074	Shurikens	/m/011j2w
clueweb12-0000tw-00-00074	Old Republic	/m/04q3kvg
clueweb12-0000tw-00-00074	Time	/m/07s52
clueweb12-0000tw-00-00074	Time	/m/07s52
clueweb12-0000tw-00-00074	Skyrim	/m/04gmzj
clueweb12-0000tw-00-00074	Double Fine	/m/02bkx8
clueweb12-0000tw-00-00075	Frictional Games	/m/03qh21m
clueweb12-0000tw-00-00075	Frictional Games	/m/03qh21m
clueweb12-0000tw-00-00075	Frictional	/m/03qh21m
clueweb12-0000tw-00-00075	Amnesia: The Dark Descent	/m/09g9srb
clueweb12-0000tw-00-00075	Google Maps	/m/055t58
clueweb12-0000tw-00-00075	China	/m/0d05w3
clueweb12-0000tw-00-00075	China	/m/0d05w3
clueweb12-0000tw-00-00075	Rock Paper Shotgun	/m/06wc8qr
clueweb12-0000tw-00-00075	Old Republic	/m/04q3kvg
clueweb12-0000tw-00-00075	Time	/m/07s52
clueweb12-0000tw-00-00075	Time	/m/07s52
clueweb12-0000tw-00-00075	Skyrim	/m/04gmzj
clueweb12-0000tw-00-00076	Old Republic	/m/04q3kvg
clueweb12-0000tw-00-00076	Time	/m/07s52
clueweb12-0000tw-00-00076	Time	/m/07s52
clueweb12-0000tw-00-00076	Starhawk	/m/0gtwc_j
clueweb12-0000tw-00-00076	Skyrim	/m/04gmzj
clueweb12-0000tw-00-00076	Double Fine	/m/02bkx8
clueweb12-0000tw-00-00077	Mass Effect 3	/m/04f2mnn
clueweb12-0000tw-00-00077	Mass Effect 3	/m/04f2mnn
clueweb12-0000tw-00-00077	Mass Effect	/m/04f2mnn
clueweb12-0000tw-00-00077	Mass Effect 3	/m/04f2mnn
clueweb12-0000tw-00-00077	BioWare	/m/0j2c3
clueweb12-0000tw-00-00077	BioWare	/m/0j2c3
clueweb12-0000tw-00-00077	PS3	/m/067gh
clueweb12-0000tw-00-00077	Xbox 360	/m/02plp2
clueweb12-0000tw-00-00077	Mass Effect 2	/m/03whsdg
clueweb12-0000tw-00-00077	Shurikens	/m/011j2w
clueweb12-0000tw-00-00077	Old Republic	/m/04q3kvg
clueweb12-0000tw-00-00077	Time	/m/07s52
clueweb12-0000tw-00-00077	Time	/m/07s52
clueweb12-0000tw-00-00077	Starhawk	/m/0gtwc_j
clueweb12-0000tw-00-00077	Skyrim	/m/04gmzj
clueweb12-0000tw-00-00077	Double Fine	/m/02bkx8
clueweb12-0000tw-00-00079	Twitter	/m/0289n8t
clueweb12-0000tw-00-00079	Twitter	/m/0289n8t
clueweb12-0000tw-00-00079	Twitter	/m/0289n8t
clueweb12-0000tw-00-00079	Click	/m/025zg
clueweb12-0000tw-00-00080	Hue	/m/0h7kp
clueweb12-0000tw-00-00080	America	/m/09c7w0
clueweb12-0000tw-00-00080	Blue	/m/06g_5
clueweb12-0000tw-00-00080	Blue	/m/06g_5
clueweb12-0000tw-00-00080	Blue	/m/06g_5
clueweb12-0000tw-00-00080	Red Green Blue	/m/06g_5
clueweb12-0000tw-00-00080	RGB	/m/06g_5
clueweb12-0000tw-00-00080	Postbox	/m/04w67_
clueweb12-0000tw-00-00080	Billings	/m/0x44q
clueweb12-0000tw-00-00080	Readability	/m/01zspc
clueweb12-0000tw-00-00080	Notify	/m/025_93
clueweb12-0000tw-00-00080	Gray	/m/036k5h
clueweb12-0000tw-00-00080	BFA	/m/028dcg
clueweb12-0000tw-00-00080	Graphic Design	/m/03c31
clueweb12-0000tw-00-00080	Adobe	/m/0vlf
clueweb12-0000tw-00-00081	Robert Cialdini	/m/03b3jv
clueweb12-0000tw-00-00081	Cialdini	/m/03b3jv
clueweb12-0000tw-00-00081	Wordpress	/m/02vtpl
clueweb12-0000tw-00-00081	Mich	/m/04rrx
clueweb12-0000tw-00-00082	Money	/m/04_x4
clueweb12-0000tw-00-00082	Men's Health	/m/01z25t
clueweb12-0000tw-00-00082	Jet	/m/015y8h
clueweb12-0000tw-00-00082	Fortune	/m/017804
clueweb12-0000tw-00-00082	Financial Times	/m/0108kc
clueweb12-0000tw-00-00082	Forbes	/m/01r2lw
clueweb12-0000tw-00-00082	US	/m/09c7w0
clueweb12-0000tw-00-00082	Illinois	/m/03v0t
clueweb12-0000tw-00-00082	Angelina Jolie	/m/0f4vbz
clueweb12-0000tw-00-00082	Brad Pitt	/m/0c6qh
clueweb12-0000tw-00-00082	Twitter	/m/0289n8t
clueweb12-0000tw-00-00082	Google+	/m/0gh6xtp
clueweb12-0000tw-00-00083	Blogger	/m/01scs3
clueweb12-0000tw-00-00083	Blogger	/m/01scs3
clueweb12-0000tw-00-00083	Blogger	/m/01scs3
clueweb12-0000tw-00-00083	Blogger	/m/01scs3
clueweb12-0000tw-00-00083	Blogger	/m/01scs3
clueweb12-0000tw-00-00083	Blogger	/m/01scs3
clueweb12-0000tw-00-00083	Blogger	/m/01scs3
clueweb12-0000tw-00-00083	Blogger	/m/01scs3
clueweb12-0000tw-00-00083	Blogger	/m/01scs3
clueweb12-0000tw-00-00083	Blogger	/m/01scs3
clueweb12-0000tw-00-00083	Blogger	/m/01scs3
clueweb12-0000tw-00-00083	Blogger	/m/01scs3
clueweb12-0000tw-00-00083	Blogger	/m/01scs3
clueweb12-0000tw-00-00083	Blogger	/m/01scs3
clueweb12-0000tw-00-00083	Blogger	/m/01scs3
clueweb12-0000tw-00-00083	Blogger	/m/01scs3
clueweb12-0000tw-00-00083	Blogger	/m/01scs3
clueweb12-0000tw-00-00083	Blogger	/m/01scs3
clueweb12-0000tw-00-00083	BlogSpot	/m/01scs3
clueweb12-0000tw-00-00083	Wordpress	/m/02vtpl
clueweb12-0000tw-00-00083	Wordpress	/m/02vtpl
clueweb12-0000tw-00-00083	Wordpress	/m/02vtpl
clueweb12-0000tw-00-00083	Wordpress	/m/02vtpl
clueweb12-0000tw-00-00083	Wordpress	/m/02vtpl
clueweb12-0000tw-00-00083	Wordpress	/m/02vtpl
clueweb12-0000tw-00-00083	Wordpress	/m/02vtpl
clueweb12-0000tw-00-00083	Wordpress	/m/02vtpl
clueweb12-0000tw-00-00083	Wordpress	/m/02vtpl
clueweb12-0000tw-00-00083	Wordpress	/m/02vtpl
clueweb12-0000tw-00-00083	Wordpress	/m/02vtpl
clueweb12-0000tw-00-00083	Wordpress	/m/02vtpl
clueweb12-0000tw-00-00083	Wordpress	/m/02vtpl
clueweb12-0000tw-00-00083	Wordpress	/m/02vtpl
clueweb12-0000tw-00-00083	Wordpress	/m/02vtpl
clueweb12-0000tw-00-00083	Wordpress	/m/02vtpl
clueweb12-0000tw-00-00083	Wordpress	/m/02vtpl
clueweb12-0000tw-00-00083	Wordpress	/m/02vtpl
clueweb12-0000tw-00-00083	Wordpress	/m/02vtpl
clueweb12-0000tw-00-00083	Wordpress	/m/02vtpl
clueweb12-0000tw-00-00083	Wordpress	/m/02vtpl
clueweb12-0000tw-00-00083	Wordpress	/m/02vtpl
clueweb12-0000tw-00-00083	WordPress	/m/02vtpl
clueweb12-0000tw-00-00083	Gator	/m/0416r0
clueweb12-0000tw-00-00083	Google	/m/045c7b
clueweb12-0000tw-00-00083	Feedburner	/m/0fmngy
clueweb12-0000tw-00-00083	Feedburner	/m/0fmngy
clueweb12-0000tw-00-00083	Feedburner	/m/0fmngy
clueweb12-0000tw-00-00083	phpMyAdmin	/m/02r81f
clueweb12-0000tw-00-00083	Orange County	/m/0cb4j
clueweb12-0000tw-00-00083	CA	/m/01n7q
clueweb12-0000tw-00-00083	Twitter	/m/0289n8t
clueweb12-0000tw-00-00083	NIce	/m/0cp6w
clueweb12-0000tw-00-00083	SEO	/m/019qb_
clueweb12-0000tw-00-00083	Picasa	/m/03fh40
clueweb12-0000tw-00-00083	WP	/m/01j3qm
clueweb12-0000tw-00-00083	Company	/m/03bxgrp
clueweb12-0000tw-00-00084	eCommerce	/m/02m96
clueweb12-0000tw-00-00084	iPhone	/m/027lnzs
clueweb12-0000tw-00-00084	iPhone	/m/027lnzs
clueweb12-0000tw-00-00084	iPhone	/m/027lnzs
clueweb12-0000tw-00-00084	iPhone	/m/027lnzs
clueweb12-0000tw-00-00084	Kindle	/m/03d068f
clueweb12-0000tw-00-00084	4G	/m/02g9ds
clueweb12-0000tw-00-00084	Cart	/m/018p4k
clueweb12-0000tw-00-00084	Kindle Fire	/m/0h65vcz
clueweb12-0000tw-00-00084	Kindle Fire	/m/0h65vcz
clueweb12-0000tw-00-00084	Kindle Fire	/m/0h65vcz
clueweb12-0000tw-00-00084	CTA	/m/025vyr
clueweb12-0000tw-00-00085	GOP	/m/07wbk
clueweb12-0000tw-00-00085	GOP	/m/07wbk
clueweb12-0000tw-00-00085	GOP	/m/07wbk
clueweb12-0000tw-00-00085	GOP	/m/07wbk
clueweb12-0000tw-00-00085	Republican	/m/07wbk
clueweb12-0000tw-00-00085	Barack Obama	/m/02mjmr
clueweb12-0000tw-00-00085	Democratic Party	/m/0d075m
clueweb12-0000tw-00-00085	Romney	/m/010wtn
clueweb12-0000tw-00-00085	Romney	/m/010wtn
clueweb12-0000tw-00-00085	Romney	/m/010wtn
clueweb12-0000tw-00-00085	Romney	/m/010wtn
clueweb12-0000tw-00-00085	Facebook	/m/02y1vz
clueweb12-0000tw-00-00085	Twitter	/m/0289n8t
clueweb12-0000tw-00-00085	Twitter	/m/0289n8t
clueweb12-0000tw-00-00085	Google+	/m/0gh6xtp
clueweb12-0000tw-00-00085	Iowa	/m/03s0w
clueweb12-0000tw-00-00085	New Hampshire	/m/059f4
clueweb12-0000tw-00-00085	Ron Paul	/m/016lh0
clueweb12-0000tw-00-00085	Paul	/m/016lh0
clueweb12-0000tw-00-00085	Ron Paul	/m/016lh0
clueweb12-0000tw-00-00085	Paul	/m/016lh0
clueweb12-0000tw-00-00085	WordPress	/m/02vtpl
clueweb12-0000tw-00-00085	Drupal	/m/01641s
clueweb12-0000tw-00-00085	Santorum	/m/01fgd3
clueweb12-0000tw-00-00085	Rick Perry	/m/02nlj_
clueweb12-0000tw-00-00085	Herman Cain	/m/05972y
clueweb12-0000tw-00-00085	Michelle Bachmann	/m/06jm4y
clueweb12-0000tw-00-00085	SEO	/m/019qb_
clueweb12-0000tw-00-00086	Hootsuite	/m/080chm5
clueweb12-0000tw-00-00086	HootSuite	/m/080chm5
clueweb12-0000tw-00-00086	HootSuite	/m/080chm5
clueweb12-0000tw-00-00086	HootSuite	/m/080chm5
clueweb12-0000tw-00-00086	Tweetdeck	/m/05q7b3y
clueweb12-0000tw-00-00086	Tweetdeck	/m/05q7b3y
clueweb12-0000tw-00-00086	Tweetdeck	/m/05q7b3y
clueweb12-0000tw-00-00086	Tweetdeck	/m/05q7b3y
clueweb12-0000tw-00-00086	Tweetdeck	/m/05q7b3y
clueweb12-0000tw-00-00086	Trend	/m/0g_23
clueweb12-0000tw-00-00086	Save	/m/01thhh
clueweb12-0000tw-00-00086	Save	/m/01thhh
clueweb12-0000tw-00-00086	Search	/m/045xty9
clueweb12-0000tw-00-00086	Google Docs	/m/0dm258
clueweb12-0000tw-00-00086	Google+	/m/0gh6xtp
clueweb12-0000tw-00-00086	Google+	/m/0gh6xtp
clueweb12-0000tw-00-00086	Google+	/m/0gh6xtp
clueweb12-0000tw-00-00086	Google+	/m/0gh6xtp
clueweb12-0000tw-00-00086	Google+	/m/0gh6xtp
clueweb12-0000tw-00-00086	Google+	/m/0gh6xtp
clueweb12-0000tw-00-00086	Google Analytics	/m/08w9_f
clueweb12-0000tw-00-00088	Mileage Plus	/m/0h33mh4
clueweb12-0000tw-00-00088	Mileage Plus	/m/0h33mh4
clueweb12-0000tw-00-00088	Mileage Plus	/m/0h33mh4
clueweb12-0000tw-00-00088	Continental	/m/0sy5v
clueweb12-0000tw-00-00088	Continental	/m/0sy5v
clueweb12-0000tw-00-00088	Continental	/m/0sy5v
clueweb12-0000tw-00-00088	UA	/m/07y2s
clueweb12-0000tw-00-00088	CO	/m/01n4w
clueweb12-0000tw-00-00088	EWR	/m/01l5hm
clueweb12-0000tw-00-00088	IAH	/m/0136st
clueweb12-0000tw-00-00088	IMO	/m/03w38
clueweb12-0000tw-00-00088	IMO	/m/03w38
clueweb12-0000tw-00-00088	East Coast	/m/0m8cr
clueweb12-0000tw-00-00088	East Coast	/m/0m8cr
clueweb12-0000tw-00-00088	LHR	/m/03jn4
clueweb12-0000tw-00-00088	DUB	/m/0190y4
clueweb12-0000tw-00-00088	FRA	/m/0f8l9c
clueweb12-0000tw-00-00088	AMS	/m/03m3kw
clueweb12-0000tw-00-00089	Mileage Plus	/m/0h33mh4
clueweb12-0000tw-00-00089	Mileage Plus	/m/0h33mh4
clueweb12-0000tw-00-00089	Mileage Plus	/m/0h33mh4
clueweb12-0000tw-00-00089	Continental	/m/0sy5v
clueweb12-0000tw-00-00089	Continental	/m/0sy5v
clueweb12-0000tw-00-00089	Continental	/m/0sy5v
clueweb12-0000tw-00-00089	UA	/m/07y2s
clueweb12-0000tw-00-00089	CO	/m/01n4w
clueweb12-0000tw-00-00089	EWR	/m/01l5hm
clueweb12-0000tw-00-00089	IAH	/m/0136st
clueweb12-0000tw-00-00089	IMO	/m/03w38
clueweb12-0000tw-00-00089	IMO	/m/03w38
clueweb12-0000tw-00-00089	East Coast	/m/0m8cr
clueweb12-0000tw-00-00089	East Coast	/m/0m8cr
clueweb12-0000tw-00-00089	LHR	/m/03jn4
clueweb12-0000tw-00-00089	DUB	/m/0190y4
clueweb12-0000tw-00-00089	FRA	/m/0f8l9c
clueweb12-0000tw-00-00089	AMS	/m/03m3kw
clueweb12-0000tw-00-00090	Ghost Adventures	/m/0522tkb
clueweb12-0000tw-00-00092	Log In	/m/02pvq3t
clueweb12-0000tw-00-00000	France	/m/0f8l9c		
clueweb12-0000tw-00-00000	Flash Player	/m/05qh6g		
clueweb12-0000tw-00-00000	Unix	/m/07scx		
clueweb12-0000tw-00-00000	WordPress	/m/02vtpl		
clueweb12-0000tw-00-00000	Tunis Tunisia	/m/0ftn8		
clueweb12-0000tw-00-00005	POST	/m/0dh8s		
clueweb12-0000tw-00-00006	Twitter	/m/0289n8t		
clueweb12-0000tw-00-00006	Social Media	/m/0fch0p		
clueweb12-0000tw-00-00007	Christ	/m/045m1_		
clueweb12-0000tw-00-00007	Ministry	/m/03h_j_		
clueweb12-0000tw-00-00007	Apache	/m/0_h2		
clueweb12-0000tw-00-00009	Disney Princess	/m/0bpywl		
clueweb12-0000tw-00-00009	Walt Disney World	/m/09b1k		
clueweb12-0000tw-00-00009	Disney	/m/09b3v		
clueweb12-0000tw-00-00012	Zen Cart	/m/09kk6x		
clueweb12-0000tw-00-00013	HIV	/m/05dbslt		
clueweb12-0000tw-00-00013	Health	/m/0kt51		
clueweb12-0000tw-00-00013	Bladder Cancer	/m/01bcp7		
clueweb12-0000tw-00-00013	Skin Cancer	/m/0h9dj		
clueweb12-0000tw-00-00013	Cancer	/m/0qcr0		
clueweb12-0000tw-00-00013	Testicular Cancer	/m/01rt5h		
clueweb12-0000tw-00-00013	HIV Aids	/m/0d19y2		
clueweb12-0000tw-00-00013	Colon Cancer	/m/01dcqj		
clueweb12-0000tw-00-00013	Insurance	/m/03xks		
clueweb12-0000tw-00-00013	Stomach Cancer	/m/01mtqf		
clueweb12-0000tw-00-00013	Health Care	/m/01mw2x		
clueweb12-0000tw-00-00013	Breast Cancer	/m/0j8hd		
clueweb12-0000tw-00-00013	Liver Cancer	/m/03m3vr6		
clueweb12-0000tw-00-00013	Women	/m/082lw		
clueweb12-0000tw-00-00018	DNA	/m/026w5		
clueweb12-0000tw-00-00018	Berlin	/m/0156q		
clueweb12-0000tw-00-00022	California	/m/01n7q		
clueweb12-0000tw-00-00028	Estee Lauder	/m/02x969		
clueweb12-0000tw-00-00031	Lymphoma	/m/02qg4h		
clueweb12-0000tw-00-00031	Hodgkin	/m/02qg4h		
clueweb12-0000tw-00-00031	Leukemia	/m/04psf		
clueweb12-0000tw-00-00033	Guardian	/m/0cnn5		
clueweb12-0000tw-00-00033	Times	/m/09rkd		
clueweb12-0000tw-00-00033	Richard Drew	/m/0c14fp		
clueweb12-0000tw-00-00033	New York	/m/02_286		
clueweb12-0000tw-00-00033	Greek	/m/0349s		
clueweb12-0000tw-00-00033	Fox Business	/m/02874dd		
clueweb12-0000tw-00-00033	Orlando Sentinel	/m/06416x		
clueweb12-0000tw-00-00033	Athens	/m/0n2z		
clueweb12-0000tw-00-00033	Los Angeles	/m/030qb3t		
clueweb12-0000tw-00-00033	Greece	/m/035qy		
clueweb12-0000tw-00-00033	USA	/m/09c7w0		
clueweb12-0000tw-00-00034	European Central Bank	/m/02l6_		
clueweb12-0000tw-00-00035	CNN	/m/0gsgr		
clueweb12-0000tw-00-00036	Angeles Times	/m/01p06z		
clueweb12-0000tw-00-00036	Super Bowl	/m/06x5s		
clueweb12-0000tw-00-00037	Deutsche Boerse	/m/063dyk		
clueweb12-0000tw-00-00037	Paris	/m/05qtj		
clueweb12-0000tw-00-00037	BBC News	/m/049rl0		
clueweb12-0000tw-00-00040	Haiti	/m/03gyl		
clueweb12-0000tw-00-00045	Macromedia Flash	/m/058b6		
clueweb12-0000tw-00-00045	YouTube	/m/09jcvs		
clueweb12-0000tw-00-00045	English	/m/02h40lc		
clueweb12-0000tw-00-00046	Safari	/m/0168s_		
clueweb12-0000tw-00-00047	Mozzarella	/m/055w7		
clueweb12-0000tw-00-00047	Chicken	/m/0f25w9		
clueweb12-0000tw-00-00048	Cooking	/m/01mtb		
clueweb12-0000tw-00-00049	Spices	/m/06p35		
clueweb12-0000tw-00-00051	Money	/m/04_x4		
clueweb12-0000tw-00-00051	Halloween	/m/03lq2		
clueweb12-0000tw-00-00053	Browser	/m/082hp		
clueweb12-0000tw-00-00053	Facebook	/m/02y1vz		
clueweb12-0000tw-00-00053	Google Chrome	/m/04j7cyf		
clueweb12-0000tw-00-00053	Alexander Fleming	/m/0vd1		
clueweb12-0000tw-00-00053	Jason Bourne	/m/03nb2p		
clueweb12-0000tw-00-00053	Science	/m/06mq7		
clueweb12-0000tw-00-00053	Debian	/m/02996		
clueweb12-0000tw-00-00053	BlackBerry	/m/01y9f8		
clueweb12-0000tw-00-00053	GIMP	/m/039ww		
clueweb12-0000tw-00-00053	Google	/m/045c7b		
clueweb12-0000tw-00-00053	Tony Gilroy	/m/07l8vs		
clueweb12-0000tw-00-00053	Madonna	/m/01vs_v8		
clueweb12-0000tw-00-00053	Microsoft	/m/04sv4		
clueweb12-0000tw-00-00053	Mozilla	/m/01dyhm		
clueweb12-0000tw-00-00053	Skype	/m/026wfg		
clueweb12-0000tw-00-00053	Matt Damon	/m/0169dl		
clueweb12-0000tw-00-00053	Linux Mint	/m/0278lsn		
clueweb12-0000tw-00-00053	Mandriva	/m/04x8h		
clueweb12-0000tw-00-00053	Jeremy Renner	/m/0blq0z		
clueweb12-0000tw-00-00054	Tata	/m/03109d		
clueweb12-0000tw-00-00054	Indonesian	/m/097kp		
clueweb12-0000tw-00-00054	Transfer	/m/07tvv5		
clueweb12-0000tw-00-00054	LA	/m/030qb3t		
clueweb12-0000tw-00-00054	Paparazzi	/m/01ny4v		
clueweb12-0000tw-00-00054	Malaysia	/m/09pmkv		
clueweb12-0000tw-00-00054	Greyson	/m/0bxzfbd		
clueweb12-0000tw-00-00054	Ellen DeGeneres	/m/01gbbz		
clueweb12-0000tw-00-00054	Wall Street Journel	/m/017b3j		
clueweb12-0000tw-00-00054	Christina Aguilera	/m/0127s7		
clueweb12-0000tw-00-00054	Los Angeles Times	/m/01p06z		
clueweb12-0000tw-00-00054	Singapore	/m/06t2t		
clueweb12-0000tw-00-00054	Hard Rock Café Jakarta	/m/01lc9r		
clueweb12-0000tw-00-00054	Oklahoma	/m/05mph		
clueweb12-0000tw-00-00054	ATM	/m/0cldt		
clueweb12-0000tw-00-00054	Jakarta	/m/044rv		
clueweb12-0000tw-00-00054	Asia	/m/0j0k		
clueweb12-0000tw-00-00054	Yahoo	/m/019rl6		
clueweb12-0000tw-00-00054	Lady Gaga	/m/0478__m		
clueweb12-0000tw-00-00054	Demi Moore	/m/019pm_		
clueweb12-0000tw-00-00054	Elton John	/m/01vrz41		
clueweb12-0000tw-00-00056	Bowery	/m/03sjc4		
clueweb12-0000tw-00-00056	Ron Paul	/m/016lh0		
clueweb12-0000tw-00-00056	South Africa	/m/0hzlz		
clueweb12-0000tw-00-00056	Tokyo	/m/07dfk		
clueweb12-0000tw-00-00056	Bernie	/m/01_gbv		
clueweb12-0000tw-00-00057	FBI	/m/02_1m		
clueweb12-0000tw-00-00057	Daily News	/m/02jf15		
clueweb12-0000tw-00-00057	Yankees	/m/0cqt41		
clueweb12-0000tw-00-00057	Manhattan	/m/0cc56		
clueweb12-0000tw-00-00058	Surgeon	/m/02y_93f		
clueweb12-0000tw-00-00058	Grass	/m/08t9c_		
clueweb12-0000tw-00-00059	Upper West Side	/m/01w9hg		
clueweb12-0000tw-00-00059	Staten Island	/m/0y62n		
clueweb12-0000tw-00-00059	Central Park Zoo	/m/04h9fs		
clueweb12-0000tw-00-00059	Brighton Beach	/m/03pyx8		
clueweb12-0000tw-00-00060	NYPd	/m/01lvn4		
clueweb12-0000tw-00-00060	Bloomberg	/m/027sm6		
clueweb12-0000tw-00-00060	DA	/m/024109		
clueweb12-0000tw-00-00060	National Enquirer	/m/020g37		
clueweb12-0000tw-00-00061	Nuclear Regulatory Commission	/m/015_kb		
clueweb12-0000tw-00-00061	New York City	/m/02_286		
clueweb12-0000tw-00-00061	Japan	/m/03_3d		
clueweb12-0000tw-00-00062	Cornelius Vanderbilt	/m/0161_n		
clueweb12-0000tw-00-00062	Scholarship	/m/018m77		
clueweb12-0000tw-00-00062	City	/m/01n32		
clueweb12-0000tw-00-00062	Bronx	/m/01531		
clueweb12-0000tw-00-00062	School	/m/06zdj		
clueweb12-0000tw-00-00062	Cathie Black	/m/09kftv		
clueweb12-0000tw-00-00063	Amazon.com	/m/0mgkg		
clueweb12-0000tw-00-00063	Rome	/m/06c62		
clueweb12-0000tw-00-00063	LESBIAN	/m/04jjy		
clueweb12-0000tw-00-00064	Meditation	/m/0517l		
clueweb12-0000tw-00-00064	Psychology	/m/05qfh		
clueweb12-0000tw-00-00065	Virginia	/m/07z1m		
clueweb12-0000tw-00-00065	Florida	/m/02xry		
clueweb12-0000tw-00-00065	India	/m/02xry		
clueweb12-0000tw-00-00070	New York Times	/m/07k2d		
clueweb12-0000tw-00-00070	Nintendo	/m/059wk		
clueweb12-0000tw-00-00070	Warcraft	/m/0wkd2g3		
clueweb12-0000tw-00-00070	Sony	/m/06q07		
clueweb12-0000tw-00-00070	DOTA	/m/073pnt		
clueweb12-0000tw-00-00070	China	/m/0d05w3		
clueweb12-0000tw-00-00070	Adobe	/m/0vlf		
clueweb12-0000tw-00-00070	Netflix	/m/017rf_		
clueweb12-0000tw-00-00070	Google Maps	/m/055t58		
clueweb12-0000tw-00-00073	Mr. Burns	/m/01ftqd		
clueweb12-0000tw-00-00073	GTA	/m/04w8jw		
clueweb12-0000tw-00-00082	Brad Pitt	/m/0c6qh		
clueweb12-0000tw-00-00082	Financial Times	/m/0108kc		
clueweb12-0000tw-00-00084	iPhone	/m/027lnzs		
clueweb12-0000tw-00-00085	Democratic Party	/m/0d075m		
clueweb12-0000tw-00-00085	Rick Santorum	/m/01fgd3		
clueweb12-0000tw-00-00086	Google Analytics	/m/08w9_f		
clueweb12-0000tw-00-00088	AMS	/m/073j2		
clueweb12-0000tw-00-00092	Morgan Freeman	/m/055c8		
clueweb12-0000tw-00-00093	Obama	/m/02mjmr		
clueweb12-0000tw-00-00093	Nixon	/m/06c97		
clueweb12-0000tw-00-00093	Bill Clinton	/m/0157m		
clueweb12-0000tw-00-00093	Mexico	/m/0b90_r		
clueweb12-0000tw-00-00093	Watergate	/m/0ds0x		
clueweb12-0000tw-00-00093	White House	/m/081sq		
clueweb12-0000tw-00-00093	Congress	/m/07t31		
clueweb12-0000tw-00-00093	Arizona	/m/0vmt		
clueweb12-0000tw-00-00093	Elijah Cummings	/m/025k9h		
clueweb12-0000tw-00-00094	Connecticut	/m/01x73		
clueweb12-0000tw-00-00094	Hawaii	/m/03gh4		
clueweb12-0000tw-00-00094	San Diego	/m/071vr		
clueweb12-0000tw-00-00094	San Francisco	/m/0d6lp		
clueweb12-0000tw-00-00094	Delaware	/m/026mj		
clueweb12-0000tw-00-00094	Vermont	/m/07_f2		
clueweb12-0000tw-00-00094	Pinterest	/m/0h3tm0f		
clueweb12-0000tw-00-00094	Ricky Martin	/m/01w61th		
clueweb12-0000tw-00-00094	Maryland	/m/04rrd		
clueweb12-0000tw-00-00103	Princeton	/m/05zl0		
clueweb12-0000tw-00-00103	Cornell	/m/01w3v		
clueweb12-0000tw-00-00103	Harvard	/m/03ksy		
clueweb12-0000tw-00-00103	Penn State	/m/04hgpt		
clueweb12-0000tw-00-00106	Chicago	/m/01_d4		
clueweb12-0000tw-00-00125	Seattle	/m/0d9jr		
clueweb12-0000tw-00-00125	Bruce Springsteen	/m/0gcs9		
clueweb12-0000tw-00-00125	Mac DeMarco	/m/0nhyh0r		
clueweb12-0000tw-00-00125	Lou Reed	/m/03f0fnk		
clueweb12-0000tw-00-00128	Fela Kuti	/m/01tw0t		
clueweb12-0000tw-00-00128	Jim Jarmusch	/m/0405l		
clueweb12-0000tw-00-00129	URL	/m/07xy0		
clueweb12-0000tw-00-00130	Wells Fargo	/m/01kdws		
clueweb12-0000tw-00-00132	iPad	/m/09rvlp4		
clueweb12-0000tw-00-00147	Africa	/m/0dg3n1		
clueweb12-0000tw-00-00147	South America	/m/06n3y		
clueweb12-0000tw-00-00147	Zurich Airport	/m/01lk5k		
clueweb12-0000tw-00-00147	Beijing	/m/01914		
clueweb12-0000tw-00-00156	Android	/m/02wxtgw		
clueweb12-0000tw-00-00156	Quebec	/m/0694j		
clueweb12-0000tw-00-00163	Massachusetts Institute	/m/04rwx		
clueweb12-0000tw-00-00164	BBC	/m/0g5lhl7		
clueweb12-0000tw-00-00165	Suspect	/m/01ylrd		
clueweb12-0000tw-00-00166	Germany	/m/0345h		
clueweb12-0000tw-00-00168	Samsung	/m/01nn79		
clueweb12-0000tw-00-00168	CEO	/m/0dq_5		
clueweb12-0000tw-00-00170	UPS	/m/01d734		
clueweb12-0000tw-00-00172	HuffingtonPost	/m/064293		
clueweb12-0000tw-00-00172	BLOODS	/m/01hs1b		
clueweb12-0000tw-00-00178	AirPlay	/m/0czcsbf		
clueweb12-0000tw-00-00178	Apple	/m/0k8z		
clueweb12-0000tw-00-00178	Spotify	/m/04yhd6c		
clueweb12-0000tw-00-00178	Beatles	/m/07c0j		
clueweb12-0000tw-00-00178	Apple AirPlay Apple	/m/0czcsbf		
clueweb12-0000tw-00-00179	London	/m/04jpl		
clueweb12-0000tw-00-00179	Steve Jobs	/m/06y3r		
clueweb12-0000tw-00-00179	SoundCloud	/m/04zxmr8		
clueweb12-0000tw-00-00179	iPod	/m/0mcx2		
clueweb12-0000tw-00-00179	Guns N	/m/081wh1		
clueweb12-0000tw-00-00180	Toscanini	/m/0140v2		
clueweb12-0000tw-00-00182	Elvis Presley	/m/02jq1		
clueweb12-0000tw-00-00182	Coldplay	/m/0kr_t		
clueweb12-0000tw-00-00182	Gaga	/m/0478__m		
clueweb12-0000tw-00-00184	Gizmodo	/m/027x951		
clueweb12-0000tw-00-00184	Mitt Romney	/m/0271_s		
clueweb12-0000tw-00-00186	Sonos	/m/0d3n4l		
clueweb12-0000tw-00-00187	Rihanna	/m/06mt91		
clueweb12-0000tw-00-00187	Adam Levine	/m/044mfr		
clueweb12-0000tw-00-00187	Usher	/m/01trhmt		
clueweb12-0000tw-00-00187	Beyoncé	/m/01mpq7s		
clueweb12-0000tw-00-00187	Bruno Mars	/m/0bs1g5r		
clueweb12-0000tw-00-00187	Lil Wayne	/m/016kjs		
clueweb12-0000tw-00-00187	Kanye West	/m/02l840		
clueweb12-0000tw-00-00187	Britney Spears	/m/015f7		
clueweb12-0000tw-00-00187	David Guetta	/m/0840vq		
clueweb12-0000tw-00-00187	Jason Derulo	/m/04fzp51		
clueweb12-0000tw-00-00187	Selena Gomez	/m/0gs6vr		
clueweb12-0000tw-00-00187	Adele	/m/02z4b_8		
clueweb12-0000tw-00-00188	Neil Young	/m/0m2l9		
clueweb12-0000tw-00-00189	Sweden	/m/0d0vqn		
clueweb12-0000tw-00-00189	Beverly Hills	/m/0k049		
clueweb12-0000tw-00-00189	Napster	/m/0599f		
clueweb12-0000tw-00-00189	BitTorrent	/m/01jp81		
clueweb12-0000tw-00-00205	Silicon Valley	/m/06pw6		
clueweb12-0000tw-00-00205	Texas	/m/07b_l		
clueweb12-0000tw-00-00205	Hank Williams	/m/015qh4		
clueweb12-0000tw-00-00206	United Kingdom	/m/07ssc		
clueweb12-0000tw-00-00206	Royal Mail	/m/01z3w3		
clueweb12-0000tw-00-00215	Asghar Farhadi	/m/0g5j4t		
clueweb12-0000tw-00-00215	Philippe Falardeau	/m/0d74vf		
clueweb12-0000tw-00-00215	Francesca Lo Schiavo	/m/03nq_0f		
clueweb12-0000tw-00-00215	Poland	/m/05qhw		
clueweb12-0000tw-00-00215	Harry Potter	/m/078ffw		
clueweb12-0000tw-00-00215	Woody Allen	/m/081lh		
clueweb12-0000tw-00-00215	Birmingham	/m/0k33p		
clueweb12-0000tw-00-00215	John Frazier	/m/08zxy9j		
clueweb12-0000tw-00-00215	Emma Stone	/m/09yhzs		
clueweb12-0000tw-00-00215	George Clooney	/m/014zcr		
clueweb12-0000tw-00-00218	Paul Auster	/m/0683n		
clueweb12-0000tw-00-00218	Pixar	/m/0kk9v		
clueweb12-0000tw-00-00218	Louisiana	/m/04ly1		
clueweb12-0000tw-00-00218	Hollywood	/m/0f2wj		
clueweb12-0000tw-00-00218	Charlie Chaplin	/m/01lc5		
clueweb12-0000tw-00-00219	Ryan Reynolds	/m/036hf4		
clueweb12-0000tw-00-00219	Harrison Ford	/m/0c0k1		
clueweb12-0000tw-00-00219	Jemaine Clement	/m/0bg539		
clueweb12-0000tw-00-00219	Mary J. Blige	/m/01vvyvk		
clueweb12-0000tw-00-00219	Terrence Malick	/m/0kvqv		
clueweb12-0000tw-00-00219	Natalie Portman	/m/09l3p		
clueweb12-0000tw-00-00219	Arctic Monkeys	/m/05q_9w		
clueweb12-0000tw-00-00219	Robin Williams	/m/0dzf_		
clueweb12-0000tw-00-00224	Porsche	/m/062s4		
clueweb12-0000tw-00-00224	Audi	/m/0k50		
clueweb12-0000tw-00-00224	Mercedes	/m/09glm89		
clueweb12-0000tw-00-00252	Microsoft Excel	/m/052tr		
clueweb12-0000tw-00-00255	Uranus	/m/0c3ss		
clueweb12-0000tw-00-00255	Saturn	/m/0c3s8		
clueweb12-0000tw-00-00258	Hogwarts	/m/0cb3n		
clueweb12-0000tw-00-00261	Discovery Channel	/m/0kc8y		
clueweb12-0000tw-00-00261	HBO	/m/03mdt		
clueweb12-0000tw-00-00262	Viacom	/m/018_q8		
clueweb12-0000tw-00-00262	Egypt	/m/02k54		
clueweb12-0000tw-00-00433	Zambia	/m/088vb		
clueweb12-0000tw-00-00581	Johannesburg	/m/0g284		
clueweb12-0000tw-00-00831	Central African Republic	/m/01nyl		
clueweb12-0000tw-00-00831	Malta	/m/04v3q		
clueweb12-0000tw-00-00831	Australia	/m/0chghy		
clueweb12-0000tw-00-00832	Stockholm	/m/06mxs		
clueweb12-0000tw-00-00832	Ecuador	/m/02k1b		
clueweb12-0000tw-00-00832	Cameroon	/m/01nln		
clueweb12-0000tw-00-00832	Nigeria	/m/05cgv		
clueweb12-0000tw-00-00838	George W. Bush	/m/09b6zr		
clueweb12-0000tw-00-00858	Jeb Bush	/m/019x9z		
clueweb12-0000tw-00-00859	Citigroup	/m/01dfb6		
clueweb12-0000tw-00-00861	Mia Farrow	/m/01cpqk		
clueweb12-0000tw-00-00861	Humphrey Bogart	/m/03n6r		
clueweb12-0000tw-00-00870	IKEA	/m/03tb1		
clueweb12-0000tw-00-00882	Katie Price	/m/01mymf		
clueweb12-0000tw-00-00883	CRM	/m/02016		
clueweb12-0000tw-00-00926	Paolo Nutini	/m/0dl7pg		
clueweb12-0000tw-00-00936	BenKirane	/m/0hn9zhk		
clueweb12-0000tw-00-00937	Mubarak	/m/0dnps		
clueweb12-0000tw-00-00938	Mississippi Valley	/m/03x2gs		
clueweb12-0000tw-00-00939	Tunisian	/m/04rvgv		
clueweb12-0000tw-00-00946	KNICKS	/m/0jm3v		
clueweb12-0000tw-00-00946	NYK	/m/0jm3v		
clueweb12-0000tw-00-00947	Panama City	/m/0fr_b		
clueweb12-0000tw-00-00948	Colin Firth	/m/03f1zdw		
clueweb12-0000tw-00-00948	Mosque	/m/04_xn		
clueweb12-0000tw-00-00948	Mecca	/m/058wp		
clueweb12-0000tw-00-00948	Janet Jackson	/m/0gbwp		
clueweb12-0000tw-00-00949	Vietnam	/m/01crd5		
clueweb12-0000tw-00-00949	Shanghai	/m/06wjf		
clueweb12-0000tw-00-00952	South Sudan	/m/05rznz		
clueweb12-0000tw-00-00952	Maldives	/m/04ty8		
clueweb12-0000tw-00-00953	World Economic Forum	/m/0174w5		
clueweb12-0000tw-00-00958	Bering Sea	/m/0fxk7		
clueweb12-0000tw-00-00958	Arctic	/m/09738		
clueweb12-0000tw-00-00958	CO2	/m/01s7k		
clueweb12-0000tw-00-00958	Nepalese	/m/0h0t4		
clueweb12-0000tw-00-00961	Namibia	/m/05bmq		
clueweb12-0000tw-00-00961	Botswana	/m/0166v		
clueweb12-0000tw-00-00965	Muslin	/m/01cgyj		
clueweb12-0000tw-00-00965	Belkin	/m/04mrx7		
clueweb12-0000tw-00-00969	Utah	/m/07srw		
clueweb12-0000tw-00-00971	Gibson	/m/01chbr		
clueweb12-0000tw-00-00974	Mozambique	/m/04wlh		
clueweb12-0000tw-00-00974	Bolivia	/m/0165v		
clueweb12-0000tw-00-00976	St.Louis	/m/06wxw		
clueweb12-0000tw-00-00980	Yamaha	/m/01svrg		
clueweb12-0000tw-00-00981	eBay	/m/0z90c		
clueweb12-0000tw-00-00984	Sports NBA	/m/05jvx		
clueweb12-0000tw-00-01020	Suzuki	/m/02ws0w		
clueweb12-0000tw-00-01058	St. Thomas	/m/028y82		
clueweb12-0000tw-00-01095	Shell	/m/0g5vy		
clueweb12-0000tw-00-01263	John F. Kennedy	/m/0d3k14		
clueweb12-0000tw-00-01273	Americana	/m/02krhv		
clueweb12-0000tw-00-01275	Zac Efron	/m/06wm0z		
clueweb12-0000tw-00-01283	MMA	/m/09c7b		
clueweb12-0000tw-00-01283	Spike TV	/m/01l50r		
clueweb12-0000tw-00-01292	Grammy Awards	/m/0c4ys		
clueweb12-0000tw-00-01294	Jennifer Garner	/m/01jfrg		
clueweb12-0000tw-00-01324	Lima	/m/0lpfh		
clueweb12-0000tw-00-01331	Ryan Gosling	/m/03m6_z		
clueweb12-0000tw-00-01331	Versace	/m/036rzw		
clueweb12-0000tw-00-01340	Jason London	/m/04kdmg		
clueweb12-0000tw-00-01340	MTV News	/m/03j194		
clueweb12-0000tw-00-01360	Arnold Schwarzenegger	/m/0tc8		
clueweb12-0000tw-00-01360	Christina Applegate Christina	/m/01hcj2		
clueweb12-0000tw-00-01360	Katy Perry	/m/03y82t6		
clueweb12-0000tw-00-01362	Rob Kardashian	/m/043n6dp		
clueweb12-0000tw-00-01369	Donkey Kong	/m/0k_pj		
clueweb12-0000tw-00-01380	Golden Globes	/m/011_7_		
clueweb12-0000tw-00-01380	Nicki Minaj	/m/047sxrj		
clueweb12-0000tw-00-01380	Spears	/m/015f7		
clueweb12-0000tw-00-01380	Billboard Music Awards	/m/02qn_l		
clueweb12-0000tw-00-01380	DJ Pauly	/m/0cybrgq		
clueweb12-0000tw-00-01382	Lancelot	/m/01438z		
clueweb12-0000tw-00-01389	Playboy Playmate	/m/02kgb7		
clueweb12-0000tw-00-01389	Marla Sokoloff	/m/025b8l		
clueweb12-0000tw-00-01389	Jenny McCarthy	/m/02t_99		
clueweb12-0000tw-00-01391	Robert Kirkman	/m/06vlfv		
clueweb12-0000tw-00-01399	Mila Kunis	/m/023v4_		
clueweb12-0000tw-00-01401	Footloose	/m/03k_rz		
clueweb12-0000tw-00-01409	Sam Raimi	/m/072vj		
clueweb12-0000tw-00-01409	Michael Jackson	/m/09889g		
clueweb12-0000tw-00-01409	Katherine Jackson	/m/0524pr		
clueweb12-0000tw-00-01416	Alicia Keys	/m/0g824		
clueweb12-0000tw-00-01423	Dax Shepard	/m/09prlm		
clueweb12-0000tw-00-01423	Miley Cyrus Source	/m/0bdxs5		
clueweb12-0000tw-00-01434	New Jersey	/m/05fjf		
clueweb12-0000tw-00-01435	Santa Barbara	/m/0r62v		
clueweb12-0000tw-00-01435	Newsweek International	/m/01fcfs		
clueweb12-0000tw-00-01435	Rolling Stone	/m/06c1g		
clueweb12-0000tw-00-01435	London Times	/m/09rkd		
clueweb12-0000tw-00-01437	Penn State University	/m/04hgpt		
clueweb12-0000tw-00-01438	Scientology	/m/06nzl		
clueweb12-0000tw-00-01444	European Union	/m/02jxk		
clueweb12-0000tw-00-01446	Fringe	/m/03cf9ly		
clueweb12-0000tw-00-01449	Millennial Media	/m/02x48k4		
clueweb12-0000tw-00-01451	Island Cocos	/m/087f85		
clueweb12-0000tw-00-01451	Vatican City	/m/07ytt		
clueweb12-0000tw-00-01452	NASDAQ	/m/05dq_		
clueweb12-0000tw-00-01452	Sony Vaio	/m/01g5tx		
clueweb12-0000tw-00-01455	LSAT	/m/02276r		
clueweb12-0000tw-00-01457	Ian Richardson	/m/03v1sp		
clueweb12-0000tw-00-01460	Charles Darwin	/m/01lwx		
clueweb12-0000tw-00-01461	Times Square	/m/07qdr		
clueweb12-0000tw-00-01463	American Music	/m/024rg2		
clueweb12-0000tw-00-01463	Grammy	/m/0c4ys		
clueweb12-0000tw-00-01463	Vera Wang	/m/0crrz		
clueweb12-0000tw-00-01463	DC3	/m/016fqn		
clueweb12-0000tw-00-01463	Serena Williams	/m/015z4j		
clueweb12-0000tw-00-01463	Kelly Rowland	/m/01vx5w7		
clueweb12-0000tw-00-01464	Epilepsy	/m/02vrr		
clueweb12-0000tw-00-01464	Universal Music Group	/m/01dtcb		
clueweb12-0000tw-00-01464	Hip Hop	/m/0glt670		
clueweb12-0000tw-00-01464	Vivendi	/m/049ql1		
clueweb12-0000tw-00-01464	African American	/m/0x67		
clueweb12-0000tw-00-01465	Boy Is Mine	/m/07mlw2		
clueweb12-0000tw-00-01465	Whitney Houston	/m/086qd		
clueweb12-0000tw-00-01465	MTV Music Awards	/m/01r470		
