clueweb12-0000tw-00-00000	Flash Player	/m/05qh6g
clueweb12-0000tw-00-00001	Flash Player	/m/05qh6g
clueweb12-0000tw-00-00002	Flash Player	/m/05qh6g
clueweb12-0000tw-00-00003	Flash Player	/m/05qh6g
clueweb12-0000tw-00-00004	Flash Player	/m/05qh6g
clueweb12-0000tw-00-00007	light of the world	/m/0gjf48y
clueweb12-0000tw-00-00008	God	/m/0d05l6
clueweb12-0000tw-00-00008	God	/m/0d05l6
clueweb12-0000tw-00-00008	God	/m/0d05l6
clueweb12-0000tw-00-00008	God	/m/0d05l6
clueweb12-0000tw-00-00008	God	/m/0d05l6
clueweb12-0000tw-00-00008	God	/m/0d05l6
clueweb12-0000tw-00-00008	Holy Spirit	/m/03qsc
clueweb12-0000tw-00-00009	Walt Disney World	/m/09b1k
clueweb12-0000tw-00-00009	WDW	/m/09b1k
clueweb12-0000tw-00-00009	WDW	/m/09b1k
clueweb12-0000tw-00-00009	WDW	/m/09b1k
clueweb12-0000tw-00-00009	Disney Princess	/m/0bpywl
clueweb12-0000tw-00-00009	Disney	/m/09b3v
clueweb12-0000tw-00-00009	World series	/m/0fjp3
clueweb12-0000tw-00-00013	HIV Aids	/m/0d19y2
clueweb12-0000tw-00-00013	HIV AIDS	/m/0d19y2
clueweb12-0000tw-00-00013	Acquired Immune Deficiency Syndrome	/m/0d19y2
clueweb12-0000tw-00-00013	HIV-AIDS	/m/03p41
clueweb12-0000tw-00-00013	HIV-AIDS	/m/03p41
clueweb12-0000tw-00-00013	HIV	/m/03p41
clueweb12-0000tw-00-00013	AIDS	/m/03p41
clueweb12-0000tw-00-00013	HIV	/m/03p41
clueweb12-0000tw-00-00013	HIV	/m/03p41
clueweb12-0000tw-00-00013	HIV	/m/03p41
clueweb12-0000tw-00-00013	HIV-AIDS	/m/03p41
clueweb12-0000tw-00-00013	Human Immunodeficiency Virus	/m/03p41
clueweb12-0000tw-00-00014	HIV	/m/03p41
clueweb12-0000tw-00-00014	HIV	/m/03p41
clueweb12-0000tw-00-00014	HIV	/m/03p41
clueweb12-0000tw-00-00014	HIV	/m/03p41
clueweb12-0000tw-00-00014	HIV	/m/03p41
clueweb12-0000tw-00-00014	HIV	/m/03p41
clueweb12-0000tw-00-00014	HIV	/m/03p41
clueweb12-0000tw-00-00014	HIV	/m/03p41
clueweb12-0000tw-00-00014	HIV	/m/03p41
clueweb12-0000tw-00-00014	HIV	/m/03p41
clueweb12-0000tw-00-00014	HIV	/m/03p41
clueweb12-0000tw-00-00014	HIV	/m/03p41
clueweb12-0000tw-00-00014	HIV	/m/03p41
clueweb12-0000tw-00-00014	HIV	/m/03p41
clueweb12-0000tw-00-00014	HIV	/m/03p41
clueweb12-0000tw-00-00014	HIV	/m/03p41
clueweb12-0000tw-00-00014	HIV	/m/03p41
clueweb12-0000tw-00-00014	HIV	/m/03p41
clueweb12-0000tw-00-00014	HIV	/m/03p41
clueweb12-0000tw-00-00014	HIV	/m/03p41
clueweb12-0000tw-00-00014	HIV	/m/03p41
clueweb12-0000tw-00-00014	HIV	/m/03p41
clueweb12-0000tw-00-00014	HIV	/m/03p41
clueweb12-0000tw-00-00014	HIV	/m/03p41
clueweb12-0000tw-00-00014	HIV	/m/03p41
clueweb12-0000tw-00-00014	HIV	/m/03p41
clueweb12-0000tw-00-00014	HIV	/m/03p41
clueweb12-0000tw-00-00014	HIV	/m/03p41
clueweb12-0000tw-00-00014	HIV	/m/03p41
clueweb12-0000tw-00-00014	HIV	/m/03p41
clueweb12-0000tw-00-00014	HIV	/m/03p41
clueweb12-0000tw-00-00014	HIV	/m/03p41
clueweb12-0000tw-00-00014	HIV	/m/03p41
clueweb12-0000tw-00-00014	HIV	/m/03p41
clueweb12-0000tw-00-00014	HIV	/m/03p41
clueweb12-0000tw-00-00014	Human Immunodeficiency Virus	/m/03p41
clueweb12-0000tw-00-00014	HIV	/m/03p41
clueweb12-0000tw-00-00014	AIDS	/m/0d19y2
clueweb12-0000tw-00-00014	AIDS	/m/0d19y2
clueweb12-0000tw-00-00014	AIDS	/m/0d19y2
clueweb12-0000tw-00-00014	AIDS	/m/0d19y2
clueweb12-0000tw-00-00014	AIDS	/m/0d19y2
clueweb12-0000tw-00-00014	AIDS	/m/0d19y2
clueweb12-0000tw-00-00014	AIDS	/m/0d19y2
clueweb12-0000tw-00-00014	AIDS	/m/0d19y2
clueweb12-0000tw-00-00014	AIDS	/m/0d19y2
clueweb12-0000tw-00-00014	AIDS	/m/0d19y2
clueweb12-0000tw-00-00014	AIDS	/m/0d19y2
clueweb12-0000tw-00-00014	AIDS	/m/0d19y2
clueweb12-0000tw-00-00014	AIDS	/m/0d19y2
clueweb12-0000tw-00-00014	AIDS	/m/0d19y2
clueweb12-0000tw-00-00014	AIDS	/m/0d19y2
clueweb12-0000tw-00-00014	AIDS	/m/0d19y2
clueweb12-0000tw-00-00014	AIDS	/m/0d19y2
clueweb12-0000tw-00-00014	AIDS	/m/0d19y2
clueweb12-0000tw-00-00014	AIDS	/m/0d19y2
clueweb12-0000tw-00-00014	AIDS	/m/0d19y2
clueweb12-0000tw-00-00014	AIDS	/m/0d19y2
clueweb12-0000tw-00-00014	AIDS	/m/0d19y2
clueweb12-0000tw-00-00014	AIDS	/m/0d19y2
clueweb12-0000tw-00-00014	AIDS	/m/0d19y2
clueweb12-0000tw-00-00014	AIDS	/m/0d19y2
clueweb12-0000tw-00-00014	AIDS	/m/0d19y2
clueweb12-0000tw-00-00014	AIDS	/m/0d19y2
clueweb12-0000tw-00-00014	AIDS	/m/0d19y2
clueweb12-0000tw-00-00014	AIDS	/m/0d19y2
clueweb12-0000tw-00-00014	AIDS	/m/0d19y2
clueweb12-0000tw-00-00014	AIDS	/m/0d19y2
clueweb12-0000tw-00-00014	AIDS	/m/0d19y2
clueweb12-0000tw-00-00014	AIDS	/m/0d19y2
clueweb12-0000tw-00-00014	AIDS	/m/0d19y2
clueweb12-0000tw-00-00014	Acquired Immune Deficiency Syndrome	/m/0d19y2
clueweb12-0000tw-00-00015	Tinnitus	/m/0pv6y
clueweb12-0000tw-00-00015	Tinnitus	/m/0pv6y
clueweb12-0000tw-00-00015	Internet	/m/03rlt
clueweb12-0000tw-00-00016	AIDS	/m/0d19y2
clueweb12-0000tw-00-00016	AIDS	/m/0d19y2
clueweb12-0000tw-00-00016	AIDS	/m/0d19y2
clueweb12-0000tw-00-00016	AIDS	/m/0d19y2
clueweb12-0000tw-00-00016	AIDS	/m/0d19y2
clueweb12-0000tw-00-00016	AIDS	/m/0d19y2
clueweb12-0000tw-00-00016	AIDS	/m/0d19y2
clueweb12-0000tw-00-00016	AIDS	/m/0d19y2
clueweb12-0000tw-00-00016	AIDS	/m/0d19y2
clueweb12-0000tw-00-00016	AIDS	/m/0d19y2
clueweb12-0000tw-00-00016	AIDS	/m/0d19y2
clueweb12-0000tw-00-00016	AIDS	/m/0d19y2
clueweb12-0000tw-00-00016	AIDS	/m/0d19y2
clueweb12-0000tw-00-00016	AIDS	/m/0d19y2
clueweb12-0000tw-00-00016	AIDS	/m/0d19y2
clueweb12-0000tw-00-00016	AIDS	/m/0d19y2
clueweb12-0000tw-00-00016	AIDS	/m/0d19y2
clueweb12-0000tw-00-00016	AIDS	/m/0d19y2
clueweb12-0000tw-00-00016	AIDS	/m/0d19y2
clueweb12-0000tw-00-00016	AIDS	/m/0d19y2
clueweb12-0000tw-00-00016	AIDS	/m/0d19y2
clueweb12-0000tw-00-00016	AIDS	/m/0d19y2
clueweb12-0000tw-00-00016	AIDS	/m/0d19y2
clueweb12-0000tw-00-00016	AIDS	/m/0d19y2
clueweb12-0000tw-00-00016	AIDS	/m/0d19y2
clueweb12-0000tw-00-00016	AIDS	/m/0d19y2
clueweb12-0000tw-00-00016	HIV	/m/03p41
clueweb12-0000tw-00-00017	Primary HIV Infection	/m/0dfspk
clueweb12-0000tw-00-00017	HIV	/m/03p41
clueweb12-0000tw-00-00017	HIV	/m/03p41
clueweb12-0000tw-00-00017	HIV	/m/03p41
clueweb12-0000tw-00-00017	HIV	/m/03p41
clueweb12-0000tw-00-00017	HIV	/m/03p41
clueweb12-0000tw-00-00017	HIV	/m/03p41
clueweb12-0000tw-00-00017	HIV	/m/03p41
clueweb12-0000tw-00-00017	AIDS	/m/0d19y2
clueweb12-0000tw-00-00018	HIV	/m/03p41
clueweb12-0000tw-00-00018	HIV	/m/03p41
clueweb12-0000tw-00-00018	HIV	/m/03p41
clueweb12-0000tw-00-00018	HIV	/m/03p41
clueweb12-0000tw-00-00018	HIV	/m/03p41
clueweb12-0000tw-00-00018	HIV	/m/03p41
clueweb12-0000tw-00-00018	HIV	/m/03p41
clueweb12-0000tw-00-00018	HIV	/m/03p41
clueweb12-0000tw-00-00018	HIV	/m/03p41
clueweb12-0000tw-00-00018	HIV	/m/03p41
clueweb12-0000tw-00-00018	HIV	/m/03p41
clueweb12-0000tw-00-00018	HIV	/m/03p41
clueweb12-0000tw-00-00018	HIV	/m/03p41
clueweb12-0000tw-00-00018	HIV	/m/03p41
clueweb12-0000tw-00-00018	HIV	/m/03p41
clueweb12-0000tw-00-00018	HIV	/m/03p41
clueweb12-0000tw-00-00018	HIV	/m/03p41
clueweb12-0000tw-00-00018	HIV	/m/03p41
clueweb12-0000tw-00-00018	HIV	/m/03p41
clueweb12-0000tw-00-00018	Berlin	/m/0156q
clueweb12-0000tw-00-00018	CCR5	/m/02kgdfq
clueweb12-0000tw-00-00019	United States	/m/09c7w0
clueweb12-0000tw-00-00019	US	/m/09c7w0
clueweb12-0000tw-00-00019	US	/m/09c7w0
clueweb12-0000tw-00-00019	Medicaid	/m/0fh83
clueweb12-0000tw-00-00019	CDC	/m/01zrs
clueweb12-0000tw-00-00019	National Institute of Mental Health	/m/02bnhg
clueweb12-0000tw-00-00019	NIMH	/m/02bnhg
clueweb12-0000tw-00-00019	NIMH	/m/02bnhg
clueweb12-0000tw-00-00020	Healthcare Management	/m/02qyx7b
clueweb12-0000tw-00-00020	Bachelors	/m/01jz1
clueweb12-0000tw-00-00022	California	/m/01n7q
clueweb12-0000tw-00-00022	Alzheimer	/m/0dcsx
clueweb12-0000tw-00-00023	Americans	/m/09c7w0
clueweb12-0000tw-00-00024	Newspaper	/m/05jnl
clueweb12-0000tw-00-00024	Kansas City	/m/04f_d
clueweb12-0000tw-00-00025	Baby Boomers	/m/0cpgf
clueweb12-0000tw-00-00025	House	/m/03jm5
clueweb12-0000tw-00-00026	Palliative Care	/m/01p8f_
clueweb12-0000tw-00-00026	Palliative Care	/m/01p8f_
clueweb12-0000tw-00-00026	Palliative care	/m/01p8f_
clueweb12-0000tw-00-00026	Palliative care	/m/01p8f_
clueweb12-0000tw-00-00026	Palliative care	/m/01p8f_
clueweb12-0000tw-00-00026	Palliative care	/m/01p8f_
clueweb12-0000tw-00-00026	Palliative care	/m/01p8f_
clueweb12-0000tw-00-00026	Palliative care	/m/01p8f_
clueweb12-0000tw-00-00026	Palliative care	/m/01p8f_
clueweb12-0000tw-00-00026	New Zealand	/m/0ctw_b
clueweb12-0000tw-00-00026	New Zealand	/m/0ctw_b
clueweb12-0000tw-00-00026	New Zealand	/m/0ctw_b
clueweb12-0000tw-00-00026	ACC	/m/09dxbw
clueweb12-0000tw-00-00026	Accident Compensation Corporation	/m/09dxbw
clueweb12-0000tw-00-00026	Ministry of Health	/m/06z840
clueweb12-0000tw-00-00026	New Zealand Ministry of Health	/m/06z840
clueweb12-0000tw-00-00027	United	/m/07y2s
clueweb12-0000tw-00-00027	United	/m/07y2s
clueweb12-0000tw-00-00027	United	/m/07y2s
clueweb12-0000tw-00-00027	United	/m/07y2s
clueweb12-0000tw-00-00027	United	/m/07y2s
clueweb12-0000tw-00-00027	United	/m/07y2s
clueweb12-0000tw-00-00027	United	/m/07y2s
clueweb12-0000tw-00-00027	United Healthcare	/m/060jqm
clueweb12-0000tw-00-00027	United HealthCare	/m/060jqm
clueweb12-0000tw-00-00027	United HealthCare	/m/060jqm
clueweb12-0000tw-00-00027	United HealthCare	/m/060jqm
clueweb12-0000tw-00-00027	United HealthCare	/m/060jqm
clueweb12-0000tw-00-00028	Breast	/m/01fpr
clueweb12-0000tw-00-00028	Susan G. Komen	/m/080bbf
clueweb12-0000tw-00-00028	Charlotte	/m/0fsb8
clueweb12-0000tw-00-00028	Estee Lauder	/m/02x969
clueweb12-0000tw-00-00028	Pink	/m/01fklc
clueweb12-0000tw-00-00028	Breast Cancer	/m/0j8hd
clueweb12-0000tw-00-00029	Primary Health Care	/m/07pkj8
clueweb12-0000tw-00-00029	Austin	/m/0vzm
clueweb12-0000tw-00-00030	Uterine Cancer	/m/0259pl
clueweb12-0000tw-00-00030	Uterine Cancer	/m/0259pl
clueweb12-0000tw-00-00030	Uterine Cancer	/m/0259pl
clueweb12-0000tw-00-00030	Uterine Cancer	/m/0259pl
clueweb12-0000tw-00-00030	Uterine Cancer	/m/0259pl
clueweb12-0000tw-00-00030	Uterine Cancer	/m/0259pl
clueweb12-0000tw-00-00030	Uterine Cancer	/m/0259pl
clueweb12-0000tw-00-00030	Uterine Cancer	/m/0259pl
clueweb12-0000tw-00-00030	Uterine Cancer	/m/0259pl
clueweb12-0000tw-00-00031	Discover	/m/02f8lj
clueweb12-0000tw-00-00031	Leukemia	/m/04psf
clueweb12-0000tw-00-00031	Leukemia	/m/04psf
clueweb12-0000tw-00-00031	Leukemia	/m/04psf
clueweb12-0000tw-00-00031	Myeloma	/m/01qqwn
clueweb12-0000tw-00-00033	Greece	/m/035qy
clueweb12-0000tw-00-00033	Greece	/m/035qy
clueweb12-0000tw-00-00033	Greece	/m/035qy
clueweb12-0000tw-00-00033	Athens	/m/0n2z
clueweb12-0000tw-00-00033	European	/m/02j9z
clueweb12-0000tw-00-00033	CNNMoney	/m/03m3wyd
clueweb12-0000tw-00-00033	CNNMoney	/m/03m3wyd
clueweb12-0000tw-00-00033	NEW YORK	/m/02_286
clueweb12-0000tw-00-00033	NEW YORK	/m/02_286
clueweb12-0000tw-00-00033	US	/m/09c7w0
clueweb12-0000tw-00-00033	Richard Drew	/m/0c14fp
clueweb12-0000tw-00-00033	New York Stock Exchange	/m/05drh
clueweb12-0000tw-00-00034	Europe	/m/02j9z
clueweb12-0000tw-00-00034	New York Times	/m/07k2d
clueweb12-0000tw-00-00034	FRANKFURT	/m/02z0j
clueweb12-0000tw-00-00034	European Central Bank	/m/02l6_
clueweb12-0000tw-00-00034	Bank of England	/m/01fnc
clueweb12-0000tw-00-00035	First Solar	/m/02qtxhn
clueweb12-0000tw-00-00035	First Solar	/m/02qtxhn
clueweb12-0000tw-00-00035	CNN	/m/0gsgr
clueweb12-0000tw-00-00035	CNNMoney	/m/03m3wyd
clueweb12-0000tw-00-00035	NEW YORK	/m/02_286
clueweb12-0000tw-00-00036	Washington Post	/m/0px38
clueweb12-0000tw-00-00037	NYSE Euronext	/m/0bwpfs
clueweb12-0000tw-00-00037	NYSE Euronext	/m/0bwpfs
clueweb12-0000tw-00-00037	NYSE Euronext	/m/0bwpfs
clueweb12-0000tw-00-00037	Q4	/m/01q68
clueweb12-0000tw-00-00037	Q4	/m/01q68
clueweb12-0000tw-00-00037	Washington Post	/m/0px38
clueweb12-0000tw-00-00037	PARIS	/m/05qtj
clueweb12-0000tw-00-00037	Paris	/m/05qtj
clueweb12-0000tw-00-00037	Deutsche Boerse	/m/063dyk
clueweb12-0000tw-00-00037	German	/m/0345h
clueweb12-0000tw-00-00037	New York	/m/02_286
clueweb12-0000tw-00-00038	NYSE Euronext	/m/0bwpfs
clueweb12-0000tw-00-00038	NYSE Euronext	/m/0bwpfs
clueweb12-0000tw-00-00038	NYSE Euronext	/m/0bwpfs
clueweb12-0000tw-00-00038	Q4	/m/01q68
clueweb12-0000tw-00-00038	Q4	/m/01q68
clueweb12-0000tw-00-00038	Washington Post	/m/0px38
clueweb12-0000tw-00-00038	PARIS	/m/05qtj
clueweb12-0000tw-00-00038	Paris	/m/05qtj
clueweb12-0000tw-00-00038	Deutsche Boerse	/m/063dyk
clueweb12-0000tw-00-00038	German	/m/0345h
clueweb12-0000tw-00-00038	New York	/m/02_286
clueweb12-0000tw-00-00039	Reuters	/m/0ps53
clueweb12-0000tw-00-00039	Reuters	/m/0ps53
clueweb12-0000tw-00-00039	Total SA	/m/03d938
clueweb12-0000tw-00-00039	French	/m/0f8l9c
clueweb12-0000tw-00-00040	Haiti	/m/03gyl
clueweb12-0000tw-00-00040	Yele	/m/0lkfn3
clueweb12-0000tw-00-00040	Wyclef Jean	/m/01s1zk
clueweb12-0000tw-00-00041	Irish Times	/m/012vh7
clueweb12-0000tw-00-00041	Russian	/m/06bnz
clueweb12-0000tw-00-00041	Irish Sea	/m/012815
clueweb12-0000tw-00-00041	Holyhead	/m/018vfy
clueweb12-0000tw-00-00041	Wales	/m/0j5g9
clueweb12-0000tw-00-00041	MV Swanland	/m/0hnc8gw
clueweb12-0000tw-00-00046	Internet Explorer	/m/03xw0
clueweb12-0000tw-00-00046	FireFox	/m/01dyhm
clueweb12-0000tw-00-00046	FireFox	/m/01dyhm
clueweb12-0000tw-00-00046	FireFox	/m/01dyhm
clueweb12-0000tw-00-00046	Safari	/m/0168s_
clueweb12-0000tw-00-00046	WMV	/m/01gt3p
clueweb12-0000tw-00-00046	HERE	/m/04mygm4
clueweb12-0000tw-00-00046	MAC	/m/0zd6
clueweb12-0000tw-00-00046	MAC	/m/0zd6
clueweb12-0000tw-00-00046	Flip4Mac	/m/0bf90p
clueweb12-0000tw-00-00046	Windows Media	/m/028x6s
clueweb12-0000tw-00-00046	Internet Service Providers	/m/0pjxv
clueweb12-0000tw-00-00046	ISP	/m/0pjxv
clueweb12-0000tw-00-00047	Prego	/m/08q1jg
clueweb12-0000tw-00-00047	Recipes	/m/0p57p
clueweb12-0000tw-00-00047	Mozzarella	/m/055w7
clueweb12-0000tw-00-00048	Cooking	/m/01mtb
clueweb12-0000tw-00-00049	Paul Prudhomme	/m/04fglp
clueweb12-0000tw-00-00049	Cooking	/m/01mtb
clueweb12-0000tw-00-00050	Cook	/m/04y7pl
clueweb12-0000tw-00-00050	Recipes	/m/0p57p
clueweb12-0000tw-00-00050	Mozzarella	/m/055w7
clueweb12-0000tw-00-00051	Believe It Or Not	/m/02d4mb
clueweb12-0000tw-00-00051	Believe It Or Not	/m/02d4mb
clueweb12-0000tw-00-00051	Costco	/m/029f32
clueweb12-0000tw-00-00051	Costco	/m/029f32
clueweb12-0000tw-00-00051	Costco	/m/029f32
clueweb12-0000tw-00-00051	Sam's	/m/02wqsl
clueweb12-0000tw-00-00051	Halloween	/m/03lq2
clueweb12-0000tw-00-00053	The Bourne Legacy	/m/03qnvdl
clueweb12-0000tw-00-00053	Matt Damon	/m/0169dl
clueweb12-0000tw-00-00053	Matt Damon	/m/0169dl
clueweb12-0000tw-00-00053	Jeremy Renner	/m/0blq0z
clueweb12-0000tw-00-00053	Tony Gilroy	/m/07l8vs
clueweb12-0000tw-00-00054	Indonesia	/m/03ryn
clueweb12-0000tw-00-00054	Indonesia	/m/03ryn
clueweb12-0000tw-00-00054	Indonesia	/m/03ryn
clueweb12-0000tw-00-00054	Indonesia	/m/03ryn
clueweb12-0000tw-00-00054	Indonesian	/m/03ryn
clueweb12-0000tw-00-00054	Indonesian	/m/03ryn
clueweb12-0000tw-00-00054	Greyson Chance	/m/0bxzfbd
clueweb12-0000tw-00-00054	Greyson	/m/0bxzfbd
clueweb12-0000tw-00-00054	Greyson Chance	/m/0bxzfbd
clueweb12-0000tw-00-00054	Greyson Chance	/m/0bxzfbd
clueweb12-0000tw-00-00054	Greyson	/m/0bxzfbd
clueweb12-0000tw-00-00054	Greyson Chance	/m/0bxzfbd
clueweb12-0000tw-00-00054	Greyson	/m/0bxzfbd
clueweb12-0000tw-00-00054	Greyson	/m/0bxzfbd
clueweb12-0000tw-00-00054	Greyson	/m/0bxzfbd
clueweb12-0000tw-00-00054	Greyson	/m/0bxzfbd
clueweb12-0000tw-00-00054	Greyson	/m/0bxzfbd
clueweb12-0000tw-00-00054	Greyson	/m/0bxzfbd
clueweb12-0000tw-00-00054	Greyson	/m/0bxzfbd
clueweb12-0000tw-00-00054	Greyson	/m/0bxzfbd
clueweb12-0000tw-00-00054	Greyson	/m/0bxzfbd
clueweb12-0000tw-00-00054	Greyson	/m/0bxzfbd
clueweb12-0000tw-00-00054	Greyson	/m/0bxzfbd
clueweb12-0000tw-00-00054	Greyson Chance	/m/0bxzfbd
clueweb12-0000tw-00-00054	Greyson Michael Chance	/m/0bxzfbd
clueweb12-0000tw-00-00054	Asia	/m/0j0k
clueweb12-0000tw-00-00054	Asia	/m/0j0k
clueweb12-0000tw-00-00054	You Tube	/m/09jcvs
clueweb12-0000tw-00-00054	You Tube	/m/09jcvs
clueweb12-0000tw-00-00054	Twitter	/m/0289n8t
clueweb12-0000tw-00-00054	Oklahoma	/m/05mph
clueweb12-0000tw-00-00054	Paparazzi	/m/0nl4q49
clueweb12-0000tw-00-00054	Lady Gaga	/m/0478__m
clueweb12-0000tw-00-00054	Lady Gaga	/m/0478__m
clueweb12-0000tw-00-00054	Lady Gaga	/m/0478__m
clueweb12-0000tw-00-00054	Ellen DeGeneres Show	/m/0528kc
clueweb12-0000tw-00-00054	Ellen	/m/0528kc
clueweb12-0000tw-00-00054	Ellen	/m/0528kc
clueweb12-0000tw-00-00054	Los Angeles	/m/030qb3t
clueweb12-0000tw-00-00054	Broken Hearts	/m/018g63v
clueweb12-0000tw-00-00054	Ellen DeGeneres	/m/01gbbz
clueweb12-0000tw-00-00054	Ellen DeGeneres	/m/01gbbz
clueweb12-0000tw-00-00054	Ellen DeGeneres	/m/01gbbz
clueweb12-0000tw-00-00054	Interscope Records	/m/01trtc
clueweb12-0000tw-00-00054	Yahoo	/m/019rl6
clueweb12-0000tw-00-00054	Los Angeles Times	/m/01p06z
clueweb12-0000tw-00-00054	ABC World News	/m/01bnbs
clueweb12-0000tw-00-00054	David Archuleta	/m/03nwxfw
clueweb12-0000tw-00-00054	Guy Oseary	/m/0dpjz8
clueweb12-0000tw-00-00054	Madonna	/m/01vs_v8
clueweb12-0000tw-00-00054	Demi Moore	/m/019pm_
clueweb12-0000tw-00-00054	Waiting Outside the Lines	/m/0gfjdg0
clueweb12-0000tw-00-00054	iTunes	/m/019g58
clueweb12-0000tw-00-00054	Waiting4U	/m/0gxz86v
clueweb12-0000tw-00-00054	USA	/m/09c7w0
clueweb12-0000tw-00-00054	Cody Simpson	/m/0bxzygh
clueweb12-0000tw-00-00054	Australian	/m/0chghy
clueweb12-0000tw-00-00054	Hold On 'Til the Night	/m/0h1gl55
clueweb12-0000tw-00-00054	Malaysia	/m/09pmkv
clueweb12-0000tw-00-00054	Singapore	/m/06t2t
clueweb12-0000tw-00-00054	Philippine	/m/05v8c
clueweb12-0000tw-00-00054	Fox	/m/0cjdk
clueweb12-0000tw-00-00054	Raising Hope	/m/0c01d7p
clueweb12-0000tw-00-00054	Christina Aguilera	/m/0127s7
clueweb12-0000tw-00-00054	John Lennon	/m/01vsl3_
clueweb12-0000tw-00-00054	Elton John	/m/01vrz41
clueweb12-0000tw-00-00054	Pink	/m/01vrt_c
clueweb12-0000tw-00-00054	Hayley Williams	/m/057xn_m
clueweb12-0000tw-00-00056	Ron Paul	/m/016lh0
clueweb12-0000tw-00-00056	Ron Paul	/m/016lh0
clueweb12-0000tw-00-00056	MSNBC	/m/0152x_
clueweb12-0000tw-00-00056	MSNBC	/m/0152x_
clueweb12-0000tw-00-00056	South Africa	/m/0hzlz
clueweb12-0000tw-00-00056	Gothamist	/m/0h7tps
clueweb12-0000tw-00-00056	Gothamist	/m/0h7tps
clueweb12-0000tw-00-00056	Gothamist	/m/0h7tps
clueweb12-0000tw-00-00056	Gothamist	/m/0h7tps
clueweb12-0000tw-00-00056	Rhino	/m/03d443
clueweb12-0000tw-00-00056	Rhino	/m/03d443
clueweb12-0000tw-00-00056	Rhinos	/m/03d443
clueweb12-0000tw-00-00056	X-ray	/m/087gx
clueweb12-0000tw-00-00057	Brian Cashman	/m/04mg4t
clueweb12-0000tw-00-00057	Brian Cashman	/m/04mg4t
clueweb12-0000tw-00-00057	Cashman	/m/04mg4t
clueweb12-0000tw-00-00057	Cashman	/m/04mg4t
clueweb12-0000tw-00-00057	Cashman	/m/04mg4t
clueweb12-0000tw-00-00057	Cashman	/m/04mg4t
clueweb12-0000tw-00-00057	Cashman	/m/04mg4t
clueweb12-0000tw-00-00057	Cashman	/m/04mg4t
clueweb12-0000tw-00-00057	Cashman	/m/04mg4t
clueweb12-0000tw-00-00057	Cashman	/m/04mg4t
clueweb12-0000tw-00-00057	Cashman	/m/04mg4t
clueweb12-0000tw-00-00057	Yankees	/m/0cqt41
clueweb12-0000tw-00-00057	Yankees	/m/0cqt41
clueweb12-0000tw-00-00057	Yankees	/m/0cqt41
clueweb12-0000tw-00-00057	Daily News	/m/02jf15
clueweb12-0000tw-00-00057	Southern District of New York	/m/037ycj
clueweb12-0000tw-00-00057	FBI	/m/02_1m
clueweb12-0000tw-00-00057	British	/m/07ssc
clueweb12-0000tw-00-00057	Manhattan	/m/0cc56
clueweb12-0000tw-00-00057	Post	/m/05p7hcr
clueweb12-0000tw-00-00057	Post	/m/05p7hcr
clueweb12-0000tw-00-00057	Documentary	/m/0jtdp
clueweb12-0000tw-00-00057	Fatal Attraction	/m/0yx7h
clueweb12-0000tw-00-00057	Gothamist	/m/0h7tps
clueweb12-0000tw-00-00057	Gothamist	/m/0h7tps
clueweb12-0000tw-00-00058	Sauce	/m/0grqz
clueweb12-0000tw-00-00058	Sauce	/m/0grqz
clueweb12-0000tw-00-00058	Sauce	/m/0grqz
clueweb12-0000tw-00-00058	Sauce	/m/0grqz
clueweb12-0000tw-00-00058	Sauce	/m/0grqz
clueweb12-0000tw-00-00058	Sauce	/m/0grqz
clueweb12-0000tw-00-00058	Italian	/m/03rjj
clueweb12-0000tw-00-00058	Italian	/m/03rjj
clueweb12-0000tw-00-00058	Mother	/m/07kbc79
clueweb12-0000tw-00-00058	East Village	/m/01q2_k
clueweb12-0000tw-00-00058	Albany	/m/0dq16
clueweb12-0000tw-00-00058	LIC	/m/0g4k0
clueweb12-0000tw-00-00058	New York	/m/02_286
clueweb12-0000tw-00-00058	Surgeon General	/m/01g242
clueweb12-0000tw-00-00058	Xmas	/m/0254hj
clueweb12-0000tw-00-00058	Gothamist	/m/0h7tps
clueweb12-0000tw-00-00058	Gothamist	/m/0h7tps
clueweb12-0000tw-00-00059	Inwood	/m/011sj6
clueweb12-0000tw-00-00059	Brighton Beach	/m/03pyx8
clueweb12-0000tw-00-00059	Upper West Side	/m/01w9hg
clueweb12-0000tw-00-00059	American	/m/09c7w0
clueweb12-0000tw-00-00059	NY Post	/m/0px3s
clueweb12-0000tw-00-00059	East Coast	/m/0m8cr
clueweb12-0000tw-00-00059	Facebook	/m/02y1vz
clueweb12-0000tw-00-00059	New York	/m/02_286
clueweb12-0000tw-00-00059	New England	/m/029jpy
clueweb12-0000tw-00-00059	Andre	/m/0c19wn
clueweb12-0000tw-00-00059	Andre	/m/0c19wn
clueweb12-0000tw-00-00059	Staten Island	/m/0y62n
clueweb12-0000tw-00-00059	Rockaway	/m/031fcj
clueweb12-0000tw-00-00059	New York Bay	/m/025cb8
clueweb12-0000tw-00-00059	Verrazano-Narrows Bridge	/m/01q6lq
clueweb12-0000tw-00-00059	Brooklyn	/m/0cr3d
clueweb12-0000tw-00-00059	Central Park Zoo	/m/04h9fs
clueweb12-0000tw-00-00059	Gothamist	/m/0h7tps
clueweb12-0000tw-00-00059	Gothamist	/m/0h7tps
clueweb12-0000tw-00-00060	Greg Kelly	/m/0bl_7t
clueweb12-0000tw-00-00060	Kelly	/m/0bl_7t
clueweb12-0000tw-00-00060	Kelly	/m/0bl_7t
clueweb12-0000tw-00-00060	Kelly	/m/0bl_7t
clueweb12-0000tw-00-00060	Kelly	/m/0bl_7t
clueweb12-0000tw-00-00060	Greg Kelly	/m/0bl_7t
clueweb12-0000tw-00-00060	Kelly	/m/0bl_7t
clueweb12-0000tw-00-00060	Kelly	/m/0bl_7t
clueweb12-0000tw-00-00060	Greg Kelly	/m/0bl_7t
clueweb12-0000tw-00-00060	Kelly	/m/0bl_7t
clueweb12-0000tw-00-00060	Kelly	/m/0bl_7t
clueweb12-0000tw-00-00060	Greg Kelly	/m/0bl_7t
clueweb12-0000tw-00-00060	Greg	/m/0bl_7t
clueweb12-0000tw-00-00060	Kelly	/m/0bl_7t
clueweb12-0000tw-00-00060	Greg Kelly	/m/0bl_7t
clueweb12-0000tw-00-00060	Greg Kelly	/m/0bl_7t
clueweb12-0000tw-00-00060	Kelly	/m/0bl_7t
clueweb12-0000tw-00-00060	Greg Kelly	/m/0bl_7t
clueweb12-0000tw-00-00060	New YORK	/m/02_286
clueweb12-0000tw-00-00060	Rosanna Scotto	/m/095ll6
clueweb12-0000tw-00-00060	Scotto	/m/095ll6
clueweb12-0000tw-00-00060	Twitter	/m/0289n8t
clueweb12-0000tw-00-00060	Ray Kelly	/m/0gcjlcm
clueweb12-0000tw-00-00060	Bloomberg	/m/027sm6
clueweb12-0000tw-00-00060	Bloomberg	/m/027sm6
clueweb12-0000tw-00-00060	DA	/m/0242xw
clueweb12-0000tw-00-00060	DA	/m/0242xw
clueweb12-0000tw-00-00060	DA	/m/0242xw
clueweb12-0000tw-00-00060	DA	/m/0242xw
clueweb12-0000tw-00-00060	DA	/m/0242xw
clueweb12-0000tw-00-00060	Lol	/m/01qbld
clueweb12-0000tw-00-00060	NYPd	/m/01lvn4
clueweb12-0000tw-00-00060	NYPD	/m/01lvn4
clueweb12-0000tw-00-00060	NYPD	/m/01lvn4
clueweb12-0000tw-00-00060	Dude	/m/01xgsv
clueweb12-0000tw-00-00060	Post	/m/02hckn
clueweb12-0000tw-00-00060	National Enquirer	/m/020g37
clueweb12-0000tw-00-00060	Linda Fairstein	/m/0bllq5
clueweb12-0000tw-00-00060	NYPD Commissioner	/m/05wwf7
clueweb12-0000tw-00-00060	Nice	/m/0cp6w
clueweb12-0000tw-00-00060	New YORK POST	/m/0px3s
clueweb12-0000tw-00-00060	Gothamist	/m/0h7tps
clueweb12-0000tw-00-00061	Indian Point	/m/05j6y0
clueweb12-0000tw-00-00061	Indian Point	/m/05j6y0
clueweb12-0000tw-00-00061	Indian Point	/m/05j6y0
clueweb12-0000tw-00-00061	Indian Point	/m/05j6y0
clueweb12-0000tw-00-00061	Indian Point	/m/05j6y0
clueweb12-0000tw-00-00061	Indian Point	/m/05j6y0
clueweb12-0000tw-00-00061	Indian Point	/m/05j6y0
clueweb12-0000tw-00-00061	Georgia	/m/0d0x8
clueweb12-0000tw-00-00061	Georgia	/m/0d0x8
clueweb12-0000tw-00-00061	Georgia	/m/0d0x8
clueweb12-0000tw-00-00061	Georgia	/m/0d0x8
clueweb12-0000tw-00-00061	Nuclear Regulatory Commission	/m/015_kb
clueweb12-0000tw-00-00061	Nuclear Regulatory Commission	/m/015_kb
clueweb12-0000tw-00-00061	Augusta	/m/01ktz1
clueweb12-0000tw-00-00061	Three Mile Island	/m/0qjvd
clueweb12-0000tw-00-00061	New York City	/m/02_286
clueweb12-0000tw-00-00061	NYC	/m/02_286
clueweb12-0000tw-00-00061	CBS	/m/09d5h
clueweb12-0000tw-00-00061	Japan	/m/03_3d
clueweb12-0000tw-00-00061	New York Public Interest Research Group	/m/040k1y
clueweb12-0000tw-00-00061	Public Citizen	/m/01bvkn
clueweb12-0000tw-00-00061	Washington Post	/m/0px38
clueweb12-0000tw-00-00061	Gen	/m/0130xz
clueweb12-0000tw-00-00061	Gothamist	/m/0h7tps
clueweb12-0000tw-00-00061	Gothamist	/m/0h7tps
clueweb12-0000tw-00-00062	Brooklyn Tech	/m/021bkl
clueweb12-0000tw-00-00062	Times	/m/09rkd
clueweb12-0000tw-00-00062	Cathie Black	/m/0ds092t
clueweb12-0000tw-00-00062	Occupy Wall Street	/m/0h63jfq
clueweb12-0000tw-00-00062	OccupyWallStreet	/m/0h63jfq
clueweb12-0000tw-00-00062	Department of Education	/m/03cf3jg
clueweb12-0000tw-00-00062	NYPD	/m/01lvn4
clueweb12-0000tw-00-00062	Bloomberg	/m/027sm6
clueweb12-0000tw-00-00062	Bloomberg	/m/027sm6
clueweb12-0000tw-00-00062	NYC	/m/02_286
clueweb12-0000tw-00-00062	NYC	/m/02_286
clueweb12-0000tw-00-00062	NYC	/m/02_286
clueweb12-0000tw-00-00062	UFT	/m/0705j0
clueweb12-0000tw-00-00062	Gothamist	/m/0h7tps
clueweb12-0000tw-00-00062	Gothamist	/m/0h7tps
clueweb12-0000tw-00-00063	Richard Kirshenbaum	/m/0j9p476
clueweb12-0000tw-00-00063	Richard Kirshenbaum	/m/0j9p476
clueweb12-0000tw-00-00063	Richard	/m/0j9p476
clueweb12-0000tw-00-00063	Levi	/m/02j46m
clueweb12-0000tw-00-00063	Levi	/m/02j46m
clueweb12-0000tw-00-00063	Levi	/m/02j46m
clueweb12-0000tw-00-00063	Levi	/m/02j46m
clueweb12-0000tw-00-00063	Roman	/m/06cmp
clueweb12-0000tw-00-00063	Roman	/m/06cmp
clueweb12-0000tw-00-00063	Roman	/m/06cmp
clueweb12-0000tw-00-00063	Roman	/m/06cmp
clueweb12-0000tw-00-00063	Jerusalem	/m/0430_
clueweb12-0000tw-00-00063	Rome	/m/06c62
clueweb12-0000tw-00-00063	Romans	/m/02l341
clueweb12-0000tw-00-00063	Princess Diana	/m/06053
clueweb12-0000tw-00-00063	Ed McMahon	/m/01nr63
clueweb12-0000tw-00-00063	US	/m/09c7w0
clueweb12-0000tw-00-00063	US	/m/09c7w0
clueweb12-0000tw-00-00063	US	/m/09c7w0
clueweb12-0000tw-00-00063	Amazon	/m/0mgkg
clueweb12-0000tw-00-00063	Stephen Windwalker	/m/04jc5lt
clueweb12-0000tw-00-00064	BA	/m/014mlp
clueweb12-0000tw-00-00064	Psychology	/m/05qfh
clueweb12-0000tw-00-00064	Hope	/m/0d846
clueweb12-0000tw-00-00064	Meditation	/m/0517l
clueweb12-0000tw-00-00064	Harlequin	/m/08tplc
clueweb12-0000tw-00-00064	Romance Writers of America	/m/0chmg4
clueweb12-0000tw-00-00064	Canada	/m/0d060g
clueweb12-0000tw-00-00064	US	/m/09c7w0
clueweb12-0000tw-00-00064	US	/m/09c7w0
clueweb12-0000tw-00-00064	US	/m/09c7w0
clueweb12-0000tw-00-00065	US	/m/09c7w0
clueweb12-0000tw-00-00065	US	/m/09c7w0
clueweb12-0000tw-00-00065	US	/m/09c7w0
clueweb12-0000tw-00-00065	US	/m/09c7w0
clueweb12-0000tw-00-00065	US	/m/09c7w0
clueweb12-0000tw-00-00065	US	/m/09c7w0
clueweb12-0000tw-00-00065	Amazon	/m/0mgkg
clueweb12-0000tw-00-00065	Amazon	/m/0mgkg
clueweb12-0000tw-00-00065	South African	/m/0hzlz
clueweb12-0000tw-00-00065	Virginia beach	/m/0mn0v
clueweb12-0000tw-00-00065	Richmond	/m/0dzt9
clueweb12-0000tw-00-00065	John Williams	/m/0146pg
clueweb12-0000tw-00-00065	John	/m/0146pg
clueweb12-0000tw-00-00065	John	/m/0146pg
clueweb12-0000tw-00-00065	Midwest	/m/0q76g
clueweb12-0000tw-00-00065	India	/m/03rk0
clueweb12-0000tw-00-00065	Stephen Windwalker	/m/04jc5lt
clueweb12-0000tw-00-00066	CAPPUCCINO	/m/09702
clueweb12-0000tw-00-00066	US	/m/09c7w0
clueweb12-0000tw-00-00066	US	/m/09c7w0
clueweb12-0000tw-00-00066	US	/m/09c7w0
clueweb12-0000tw-00-00066	US	/m/09c7w0
clueweb12-0000tw-00-00066	US	/m/09c7w0
clueweb12-0000tw-00-00066	US	/m/09c7w0
clueweb12-0000tw-00-00066	Amazon	/m/0mgkg
clueweb12-0000tw-00-00066	Amazon	/m/0mgkg
clueweb12-0000tw-00-00066	Midwest	/m/0q76g
clueweb12-0000tw-00-00066	India	/m/03rk0
clueweb12-0000tw-00-00066	Stephen Windwalker	/m/04jc5lt
clueweb12-0000tw-00-00067	US	/m/09c7w0
clueweb12-0000tw-00-00067	US	/m/09c7w0
clueweb12-0000tw-00-00067	US	/m/09c7w0
clueweb12-0000tw-00-00067	US	/m/09c7w0
clueweb12-0000tw-00-00067	US	/m/09c7w0
clueweb12-0000tw-00-00067	US	/m/09c7w0
clueweb12-0000tw-00-00067	US	/m/09c7w0
clueweb12-0000tw-00-00067	Amazon	/m/0mgkg
clueweb12-0000tw-00-00067	Amazon	/m/0mgkg
clueweb12-0000tw-00-00067	Mensa	/m/0140pf
clueweb12-0000tw-00-00067	St. Croix	/m/01hd63
clueweb12-0000tw-00-00067	Supreme Court	/m/07sz1
clueweb12-0000tw-00-00067	South Carolina	/m/06yxd
clueweb12-0000tw-00-00067	Richmond	/m/0dzt9
clueweb12-0000tw-00-00067	Stephen Windwalker	/m/04jc5lt
clueweb12-0000tw-00-00069	Wiccans	/m/08356
clueweb12-0000tw-00-00069	Craft	/m/01mrgs
clueweb12-0000tw-00-00069	Educator	/m/02jfc
clueweb12-0000tw-00-00070	UK	/m/07ssc
clueweb12-0000tw-00-00070	UK	/m/07ssc
clueweb12-0000tw-00-00070	UK	/m/07ssc
clueweb12-0000tw-00-00070	UK	/m/07ssc
clueweb12-0000tw-00-00070	UK	/m/07ssc
clueweb12-0000tw-00-00070	Netflix	/m/017rf_
clueweb12-0000tw-00-00070	Adobe	/m/0h_4
clueweb12-0000tw-00-00070	New York Times	/m/07k2d
clueweb12-0000tw-00-00070	Rocksteady	/m/04g1jgw
clueweb12-0000tw-00-00070	CVG	/m/04ttvx
clueweb12-0000tw-00-00070	US	/m/09c7w0
clueweb12-0000tw-00-00070	Montreal	/m/052p7
clueweb12-0000tw-00-00070	King Arthur II	/m/0hzmwm0
clueweb12-0000tw-00-00070	King Arthur II	/m/0hzmwm0
clueweb12-0000tw-00-00070	King Arthur II	/m/0hzmwm0
clueweb12-0000tw-00-00070	King Arthur	/m/04904
clueweb12-0000tw-00-00070	Total War	/m/02l2fg
clueweb12-0000tw-00-00070	HR	/m/03nzg
clueweb12-0000tw-00-00070	TAG	/m/05p_8g
clueweb12-0000tw-00-00070	Team Ico	/m/02pvg7d
clueweb12-0000tw-00-00070	Ico	/m/015dh6
clueweb12-0000tw-00-00070	Shadow of the Colossus	/m/05zht0
clueweb12-0000tw-00-00070	Shadow of the Colossus	/m/05zht0
clueweb12-0000tw-00-00070	Last Guardian	/m/06404g0
clueweb12-0000tw-00-00070	Last Guardian	/m/06404g0
clueweb12-0000tw-00-00070	Last Guardian	/m/06404g0
clueweb12-0000tw-00-00070	Fumito Ueda	/m/08mljy
clueweb12-0000tw-00-00070	Ueda	/m/08mljy
clueweb12-0000tw-00-00070	Sony	/m/06q07
clueweb12-0000tw-00-00070	Sony	/m/06q07
clueweb12-0000tw-00-00070	1UP	/m/065x3t
clueweb12-0000tw-00-00070	Shuhei Yoshida	/m/0h6730v
clueweb12-0000tw-00-00070	Yoshida	/m/0h6730v
clueweb12-0000tw-00-00070	Wii U	/m/0gls6tt
clueweb12-0000tw-00-00070	Wii U	/m/0gls6tt
clueweb12-0000tw-00-00070	GameSpot	/m/03x5tj
clueweb12-0000tw-00-00070	PS Vita	/m/0fqq_84
clueweb12-0000tw-00-00070	Juliet	/m/0jw3k
clueweb12-0000tw-00-00070	Juliet	/m/0jw3k
clueweb12-0000tw-00-00070	Juliet	/m/0jw3k
clueweb12-0000tw-00-00070	Juliet	/m/0jw3k
clueweb12-0000tw-00-00070	Lollipop Chainsaw	/m/0h1gty3
clueweb12-0000tw-00-00070	Suda 51	/m/05ttdr
clueweb12-0000tw-00-00070	PAX	/m/0b5881
clueweb12-0000tw-00-00070	Splatter	/m/02vn3k
clueweb12-0000tw-00-00070	Spring	/m/01txr2
clueweb12-0000tw-00-00070	Frictional Games	/m/03qh21m
clueweb12-0000tw-00-00070	Frictional	/m/03qh21m
clueweb12-0000tw-00-00070	Amnesia: The Dark Descent	/m/09g9srb
clueweb12-0000tw-00-00070	Google Maps	/m/055t58
clueweb12-0000tw-00-00070	China	/m/0d05w3
clueweb12-0000tw-00-00070	China	/m/0d05w3
clueweb12-0000tw-00-00070	Rock Paper Shotgun	/m/06wc8qr
clueweb12-0000tw-00-00070	Mass Effect 3	/m/04f2mnn
clueweb12-0000tw-00-00070	Mass Effect 3	/m/04f2mnn
clueweb12-0000tw-00-00070	BioWare	/m/0j2c3
clueweb12-0000tw-00-00070	BioWare	/m/0j2c3
clueweb12-0000tw-00-00070	PS3	/m/067gh
clueweb12-0000tw-00-00070	Xbox 360	/m/02plp2
clueweb12-0000tw-00-00070	Shurikens	/m/011j2w
clueweb12-0000tw-00-00070	Old Republic	/m/04q3kvg
clueweb12-0000tw-00-00070	Time	/m/07s52
clueweb12-0000tw-00-00070	Time	/m/07s52
clueweb12-0000tw-00-00070	Starhawk	/m/0gtwc_j
clueweb12-0000tw-00-00070	Skyrim	/m/04gmzj
clueweb12-0000tw-00-00070	Double Fine	/m/02bkx8
clueweb12-0000tw-00-00071	Geek	/m/034qy
clueweb12-0000tw-00-00071	Geek	/m/034qy
clueweb12-0000tw-00-00071	Today	/m/01h1bf
clueweb12-0000tw-00-00071	Amazon	/m/0mgkg
clueweb12-0000tw-00-00071	Kindle	/m/03d068f
clueweb12-0000tw-00-00071	Barnes and Noble	/m/01b7dt
clueweb12-0000tw-00-00071	Nook	/m/080dlpk
clueweb12-0000tw-00-00071	Apple	/m/0k8z
clueweb12-0000tw-00-00071	iPad	/m/09rvlp4
clueweb12-0000tw-00-00071	iPad	/m/09rvlp4
clueweb12-0000tw-00-00071	Pikimal	/m/0gtx5dl
clueweb12-0000tw-00-00071	Pikimal	/m/0gtx5dl
clueweb12-0000tw-00-00071	Pikimal	/m/0gtx5dl
clueweb12-0000tw-00-00071	Pikimal	/m/0gtx5dl
clueweb12-0000tw-00-00071	Pikimal	/m/0gtx5dl
clueweb12-0000tw-00-00071	Thunderdome	/m/02v1cp
clueweb12-0000tw-00-00071	eReader	/m/0hhssjq
clueweb12-0000tw-00-00071	Twitter	/m/0289n8t
clueweb12-0000tw-00-00071	Old Republic	/m/04q3kvg
clueweb12-0000tw-00-00071	Time	/m/07s52
clueweb12-0000tw-00-00071	Time	/m/07s52
clueweb12-0000tw-00-00071	Skyrim	/m/04gmzj
clueweb12-0000tw-00-00071	Double Fine	/m/02bkx8
clueweb12-0000tw-00-00072	Old Republic	/m/04q3kvg
clueweb12-0000tw-00-00072	Time	/m/07s52
clueweb12-0000tw-00-00072	Time	/m/07s52
clueweb12-0000tw-00-00072	Skyrim	/m/04gmzj
clueweb12-0000tw-00-00073	PSN	/m/0c1jl_
clueweb12-0000tw-00-00073	PSN	/m/0c1jl_
clueweb12-0000tw-00-00073	PSN	/m/0c1jl_
clueweb12-0000tw-00-00073	Valentine's Day	/m/018y5m
clueweb12-0000tw-00-00073	Catherine	/m/0crj511
clueweb12-0000tw-00-00073	Catherine	/m/0crj511
clueweb12-0000tw-00-00073	Catherine	/m/0crj511
clueweb12-0000tw-00-00073	PS2	/m/066kp
clueweb12-0000tw-00-00073	DLC	/m/03mg0nl
clueweb12-0000tw-00-00073	Final Fantasy XIII-2	/m/0g9sv_q
clueweb12-0000tw-00-00073	Katherine	/m/02lm3f
clueweb12-0000tw-00-00073	Naughty Dog	/m/04sfn5
clueweb12-0000tw-00-00073	Jak and Daxter	/m/02mrr1
clueweb12-0000tw-00-00073	GTA	/m/04w8jw
clueweb12-0000tw-00-00073	Burns	/m/01hwqk
clueweb12-0000tw-00-00073	Smithers	/m/0h897
clueweb12-0000tw-00-00073	The Simpsons Arcade Game	/m/0401_3
clueweb12-0000tw-00-00073	Shurikens	/m/011j2w
clueweb12-0000tw-00-00073	Old Republic	/m/04q3kvg
clueweb12-0000tw-00-00073	Time	/m/07s52
clueweb12-0000tw-00-00073	Time	/m/07s52
clueweb12-0000tw-00-00073	Starhawk	/m/0gtwc_j
clueweb12-0000tw-00-00073	Skyrim	/m/04gmzj
clueweb12-0000tw-00-00074	Valve	/m/0dwl2
clueweb12-0000tw-00-00074	Valve	/m/0dwl2
clueweb12-0000tw-00-00074	Valve	/m/0dwl2
clueweb12-0000tw-00-00074	Valve	/m/0dwl2
clueweb12-0000tw-00-00074	Valve	/m/0dwl2
clueweb12-0000tw-00-00074	Valve	/m/0dwl2
clueweb12-0000tw-00-00074	Valve	/m/0dwl2
clueweb12-0000tw-00-00074	Blizzard	/m/01jx9
clueweb12-0000tw-00-00074	Blizzard	/m/01jx9
clueweb12-0000tw-00-00074	Blizzard	/m/01jx9
clueweb12-0000tw-00-00074	Blizzard	/m/01jx9
clueweb12-0000tw-00-00074	Blizzard	/m/01jx9
clueweb12-0000tw-00-00074	Blizzard	/m/01jx9
clueweb12-0000tw-00-00074	Blizzard	/m/01jx9
clueweb12-0000tw-00-00074	Blizzard	/m/01jx9
clueweb12-0000tw-00-00074	Blizzard	/m/01jx9
clueweb12-0000tw-00-00074	Blizzard	/m/01jx9
clueweb12-0000tw-00-00074	RTS	/m/0k80c
clueweb12-0000tw-00-00074	Warcraft 3	/m/0gldg
clueweb12-0000tw-00-00074	DOTA 2	/m/0dlkwn1
clueweb12-0000tw-00-00074	Dota 2	/m/0dlkwn1
clueweb12-0000tw-00-00074	Icefrog	/m/0h3x557
clueweb12-0000tw-00-00074	Icefrog	/m/0h3x557
clueweb12-0000tw-00-00074	Starcraft 2	/m/02qty_5
clueweb12-0000tw-00-00074	Defense of the Ancients	/m/073pnt
clueweb12-0000tw-00-00074	Dota	/m/073pnt
clueweb12-0000tw-00-00074	EULA	/m/0d6s7
clueweb12-0000tw-00-00074	Program	/m/01pqtb
clueweb12-0000tw-00-00074	Program	/m/01pqtb
clueweb12-0000tw-00-00074	Shurikens	/m/011j2w
clueweb12-0000tw-00-00074	Old Republic	/m/04q3kvg
clueweb12-0000tw-00-00074	Time	/m/07s52
clueweb12-0000tw-00-00074	Time	/m/07s52
clueweb12-0000tw-00-00074	Skyrim	/m/04gmzj
clueweb12-0000tw-00-00074	Double Fine	/m/02bkx8
clueweb12-0000tw-00-00075	Frictional Games	/m/03qh21m
clueweb12-0000tw-00-00075	Frictional Games	/m/03qh21m
clueweb12-0000tw-00-00075	Frictional	/m/03qh21m
clueweb12-0000tw-00-00075	Amnesia: The Dark Descent	/m/09g9srb
clueweb12-0000tw-00-00075	Google Maps	/m/055t58
clueweb12-0000tw-00-00075	China	/m/0d05w3
clueweb12-0000tw-00-00075	China	/m/0d05w3
clueweb12-0000tw-00-00075	Rock Paper Shotgun	/m/06wc8qr
clueweb12-0000tw-00-00075	Old Republic	/m/04q3kvg
clueweb12-0000tw-00-00075	Time	/m/07s52
clueweb12-0000tw-00-00075	Time	/m/07s52
clueweb12-0000tw-00-00075	Skyrim	/m/04gmzj
clueweb12-0000tw-00-00076	Old Republic	/m/04q3kvg
clueweb12-0000tw-00-00076	Time	/m/07s52
clueweb12-0000tw-00-00076	Time	/m/07s52
clueweb12-0000tw-00-00076	Starhawk	/m/0gtwc_j
clueweb12-0000tw-00-00076	Skyrim	/m/04gmzj
clueweb12-0000tw-00-00076	Double Fine	/m/02bkx8
clueweb12-0000tw-00-00077	Mass Effect 3	/m/04f2mnn
clueweb12-0000tw-00-00077	Mass Effect 3	/m/04f2mnn
clueweb12-0000tw-00-00077	Mass Effect	/m/04f2mnn
clueweb12-0000tw-00-00077	Mass Effect 3	/m/04f2mnn
clueweb12-0000tw-00-00077	BioWare	/m/0j2c3
clueweb12-0000tw-00-00077	BioWare	/m/0j2c3
clueweb12-0000tw-00-00077	PS3	/m/067gh
clueweb12-0000tw-00-00077	Xbox 360	/m/02plp2
clueweb12-0000tw-00-00077	Mass Effect 2	/m/03whsdg
clueweb12-0000tw-00-00077	Shurikens	/m/011j2w
clueweb12-0000tw-00-00077	Old Republic	/m/04q3kvg
clueweb12-0000tw-00-00077	Time	/m/07s52
clueweb12-0000tw-00-00077	Time	/m/07s52
clueweb12-0000tw-00-00077	Starhawk	/m/0gtwc_j
clueweb12-0000tw-00-00077	Skyrim	/m/04gmzj
clueweb12-0000tw-00-00077	Double Fine	/m/02bkx8
clueweb12-0000tw-00-00079	Twitter	/m/0289n8t
clueweb12-0000tw-00-00079	Twitter	/m/0289n8t
clueweb12-0000tw-00-00079	Twitter	/m/0289n8t
clueweb12-0000tw-00-00079	Click	/m/025zg
clueweb12-0000tw-00-00080	Hue	/m/0h7kp
clueweb12-0000tw-00-00080	America	/m/09c7w0
clueweb12-0000tw-00-00080	Blue	/m/06g_5
clueweb12-0000tw-00-00080	Blue	/m/06g_5
clueweb12-0000tw-00-00080	Blue	/m/06g_5
clueweb12-0000tw-00-00080	Red Green Blue	/m/06g_5
clueweb12-0000tw-00-00080	RGB	/m/06g_5
clueweb12-0000tw-00-00080	Postbox	/m/04w67_
clueweb12-0000tw-00-00080	Billings	/m/0x44q
clueweb12-0000tw-00-00080	Readability	/m/01zspc
clueweb12-0000tw-00-00080	Notify	/m/025_93
clueweb12-0000tw-00-00080	Gray	/m/036k5h
clueweb12-0000tw-00-00080	BFA	/m/028dcg
clueweb12-0000tw-00-00080	Graphic Design	/m/03c31
clueweb12-0000tw-00-00080	Adobe	/m/0vlf
clueweb12-0000tw-00-00081	Robert Cialdini	/m/03b3jv
clueweb12-0000tw-00-00081	Cialdini	/m/03b3jv
clueweb12-0000tw-00-00081	Wordpress	/m/02vtpl
clueweb12-0000tw-00-00081	Mich	/m/04rrx
clueweb12-0000tw-00-00082	Money	/m/04_x4
clueweb12-0000tw-00-00082	Men's Health	/m/01z25t
clueweb12-0000tw-00-00082	Jet	/m/015y8h
clueweb12-0000tw-00-00082	Fortune	/m/017804
clueweb12-0000tw-00-00082	Financial Times	/m/0108kc
clueweb12-0000tw-00-00082	Forbes	/m/01r2lw
clueweb12-0000tw-00-00082	US	/m/09c7w0
clueweb12-0000tw-00-00082	Illinois	/m/03v0t
clueweb12-0000tw-00-00082	Angelina Jolie	/m/0f4vbz
clueweb12-0000tw-00-00082	Brad Pitt	/m/0c6qh
clueweb12-0000tw-00-00082	Twitter	/m/0289n8t
clueweb12-0000tw-00-00082	Google+	/m/0gh6xtp
clueweb12-0000tw-00-00083	Blogger	/m/01scs3
clueweb12-0000tw-00-00083	Blogger	/m/01scs3
clueweb12-0000tw-00-00083	Blogger	/m/01scs3
clueweb12-0000tw-00-00083	Blogger	/m/01scs3
clueweb12-0000tw-00-00083	Blogger	/m/01scs3
clueweb12-0000tw-00-00083	Blogger	/m/01scs3
clueweb12-0000tw-00-00083	Blogger	/m/01scs3
clueweb12-0000tw-00-00083	Blogger	/m/01scs3
clueweb12-0000tw-00-00083	Blogger	/m/01scs3
clueweb12-0000tw-00-00083	Blogger	/m/01scs3
clueweb12-0000tw-00-00083	Blogger	/m/01scs3
clueweb12-0000tw-00-00083	Blogger	/m/01scs3
clueweb12-0000tw-00-00083	Blogger	/m/01scs3
clueweb12-0000tw-00-00083	Blogger	/m/01scs3
clueweb12-0000tw-00-00083	Blogger	/m/01scs3
clueweb12-0000tw-00-00083	Blogger	/m/01scs3
clueweb12-0000tw-00-00083	Blogger	/m/01scs3
clueweb12-0000tw-00-00083	Blogger	/m/01scs3
clueweb12-0000tw-00-00083	BlogSpot	/m/01scs3
clueweb12-0000tw-00-00083	Wordpress	/m/02vtpl
clueweb12-0000tw-00-00083	Wordpress	/m/02vtpl
clueweb12-0000tw-00-00083	Wordpress	/m/02vtpl
clueweb12-0000tw-00-00083	Wordpress	/m/02vtpl
clueweb12-0000tw-00-00083	Wordpress	/m/02vtpl
clueweb12-0000tw-00-00083	Wordpress	/m/02vtpl
clueweb12-0000tw-00-00083	Wordpress	/m/02vtpl
clueweb12-0000tw-00-00083	Wordpress	/m/02vtpl
clueweb12-0000tw-00-00083	Wordpress	/m/02vtpl
clueweb12-0000tw-00-00083	Wordpress	/m/02vtpl
clueweb12-0000tw-00-00083	Wordpress	/m/02vtpl
clueweb12-0000tw-00-00083	Wordpress	/m/02vtpl
clueweb12-0000tw-00-00083	Wordpress	/m/02vtpl
clueweb12-0000tw-00-00083	Wordpress	/m/02vtpl
clueweb12-0000tw-00-00083	Wordpress	/m/02vtpl
clueweb12-0000tw-00-00083	Wordpress	/m/02vtpl
clueweb12-0000tw-00-00083	Wordpress	/m/02vtpl
clueweb12-0000tw-00-00083	Wordpress	/m/02vtpl
clueweb12-0000tw-00-00083	Wordpress	/m/02vtpl
clueweb12-0000tw-00-00083	Wordpress	/m/02vtpl
clueweb12-0000tw-00-00083	Wordpress	/m/02vtpl
clueweb12-0000tw-00-00083	Wordpress	/m/02vtpl
clueweb12-0000tw-00-00083	WordPress	/m/02vtpl
clueweb12-0000tw-00-00083	Gator	/m/0416r0
clueweb12-0000tw-00-00083	Google	/m/045c7b
clueweb12-0000tw-00-00083	Feedburner	/m/0fmngy
clueweb12-0000tw-00-00083	Feedburner	/m/0fmngy
clueweb12-0000tw-00-00083	Feedburner	/m/0fmngy
clueweb12-0000tw-00-00083	phpMyAdmin	/m/02r81f
clueweb12-0000tw-00-00083	Orange County	/m/0cb4j
clueweb12-0000tw-00-00083	CA	/m/01n7q
clueweb12-0000tw-00-00083	Twitter	/m/0289n8t
clueweb12-0000tw-00-00083	NIce	/m/0cp6w
clueweb12-0000tw-00-00083	SEO	/m/019qb_
clueweb12-0000tw-00-00083	Picasa	/m/03fh40
clueweb12-0000tw-00-00083	WP	/m/01j3qm
clueweb12-0000tw-00-00083	Company	/m/03bxgrp
clueweb12-0000tw-00-00084	eCommerce	/m/02m96
clueweb12-0000tw-00-00084	iPhone	/m/027lnzs
clueweb12-0000tw-00-00084	iPhone	/m/027lnzs
clueweb12-0000tw-00-00084	iPhone	/m/027lnzs
clueweb12-0000tw-00-00084	iPhone	/m/027lnzs
clueweb12-0000tw-00-00084	Kindle	/m/03d068f
clueweb12-0000tw-00-00084	4G	/m/02g9ds
clueweb12-0000tw-00-00084	Cart	/m/018p4k
clueweb12-0000tw-00-00084	Kindle Fire	/m/0h65vcz
clueweb12-0000tw-00-00084	Kindle Fire	/m/0h65vcz
clueweb12-0000tw-00-00084	Kindle Fire	/m/0h65vcz
clueweb12-0000tw-00-00084	CTA	/m/025vyr
clueweb12-0000tw-00-00085	GOP	/m/07wbk
clueweb12-0000tw-00-00085	GOP	/m/07wbk
clueweb12-0000tw-00-00085	GOP	/m/07wbk
clueweb12-0000tw-00-00085	GOP	/m/07wbk
clueweb12-0000tw-00-00085	Republican	/m/07wbk
clueweb12-0000tw-00-00085	Barack Obama	/m/02mjmr
clueweb12-0000tw-00-00085	Democratic Party	/m/0d075m
clueweb12-0000tw-00-00085	Romney	/m/010wtn
clueweb12-0000tw-00-00085	Romney	/m/010wtn
clueweb12-0000tw-00-00085	Romney	/m/010wtn
clueweb12-0000tw-00-00085	Romney	/m/010wtn
clueweb12-0000tw-00-00085	Facebook	/m/02y1vz
clueweb12-0000tw-00-00085	Twitter	/m/0289n8t
clueweb12-0000tw-00-00085	Twitter	/m/0289n8t
clueweb12-0000tw-00-00085	Google+	/m/0gh6xtp
clueweb12-0000tw-00-00085	Iowa	/m/03s0w
clueweb12-0000tw-00-00085	New Hampshire	/m/059f4
clueweb12-0000tw-00-00085	Ron Paul	/m/016lh0
clueweb12-0000tw-00-00085	Paul	/m/016lh0
clueweb12-0000tw-00-00085	Ron Paul	/m/016lh0
clueweb12-0000tw-00-00085	Paul	/m/016lh0
clueweb12-0000tw-00-00085	WordPress	/m/02vtpl
clueweb12-0000tw-00-00085	Drupal	/m/01641s
clueweb12-0000tw-00-00085	Santorum	/m/01fgd3
clueweb12-0000tw-00-00085	Rick Perry	/m/02nlj_
clueweb12-0000tw-00-00085	Herman Cain	/m/05972y
clueweb12-0000tw-00-00085	Michelle Bachmann	/m/06jm4y
clueweb12-0000tw-00-00085	SEO	/m/019qb_
clueweb12-0000tw-00-00086	Hootsuite	/m/080chm5
clueweb12-0000tw-00-00086	HootSuite	/m/080chm5
clueweb12-0000tw-00-00086	HootSuite	/m/080chm5
clueweb12-0000tw-00-00086	HootSuite	/m/080chm5
clueweb12-0000tw-00-00086	Tweetdeck	/m/05q7b3y
clueweb12-0000tw-00-00086	Tweetdeck	/m/05q7b3y
clueweb12-0000tw-00-00086	Tweetdeck	/m/05q7b3y
clueweb12-0000tw-00-00086	Tweetdeck	/m/05q7b3y
clueweb12-0000tw-00-00086	Tweetdeck	/m/05q7b3y
clueweb12-0000tw-00-00086	Trend	/m/0g_23
clueweb12-0000tw-00-00086	Save	/m/01thhh
clueweb12-0000tw-00-00086	Save	/m/01thhh
clueweb12-0000tw-00-00086	Search	/m/045xty9
clueweb12-0000tw-00-00086	Google Docs	/m/0dm258
clueweb12-0000tw-00-00086	Google+	/m/0gh6xtp
clueweb12-0000tw-00-00086	Google+	/m/0gh6xtp
clueweb12-0000tw-00-00086	Google+	/m/0gh6xtp
clueweb12-0000tw-00-00086	Google+	/m/0gh6xtp
clueweb12-0000tw-00-00086	Google+	/m/0gh6xtp
clueweb12-0000tw-00-00086	Google+	/m/0gh6xtp
clueweb12-0000tw-00-00086	Google Analytics	/m/08w9_f
clueweb12-0000tw-00-00088	Mileage Plus	/m/0h33mh4
clueweb12-0000tw-00-00088	Mileage Plus	/m/0h33mh4
clueweb12-0000tw-00-00088	Mileage Plus	/m/0h33mh4
clueweb12-0000tw-00-00088	Continental	/m/0sy5v
clueweb12-0000tw-00-00088	Continental	/m/0sy5v
clueweb12-0000tw-00-00088	Continental	/m/0sy5v
clueweb12-0000tw-00-00088	UA	/m/07y2s
clueweb12-0000tw-00-00088	CO	/m/01n4w
clueweb12-0000tw-00-00088	EWR	/m/01l5hm
clueweb12-0000tw-00-00088	IAH	/m/0136st
clueweb12-0000tw-00-00088	IMO	/m/03w38
clueweb12-0000tw-00-00088	IMO	/m/03w38
clueweb12-0000tw-00-00088	East Coast	/m/0m8cr
clueweb12-0000tw-00-00088	East Coast	/m/0m8cr
clueweb12-0000tw-00-00088	LHR	/m/03jn4
clueweb12-0000tw-00-00088	DUB	/m/0190y4
clueweb12-0000tw-00-00088	FRA	/m/0f8l9c
clueweb12-0000tw-00-00088	AMS	/m/03m3kw
clueweb12-0000tw-00-00089	Mileage Plus	/m/0h33mh4
clueweb12-0000tw-00-00089	Mileage Plus	/m/0h33mh4
clueweb12-0000tw-00-00089	Mileage Plus	/m/0h33mh4
clueweb12-0000tw-00-00089	Continental	/m/0sy5v
clueweb12-0000tw-00-00089	Continental	/m/0sy5v
clueweb12-0000tw-00-00089	Continental	/m/0sy5v
clueweb12-0000tw-00-00089	UA	/m/07y2s
clueweb12-0000tw-00-00089	CO	/m/01n4w
clueweb12-0000tw-00-00089	EWR	/m/01l5hm
clueweb12-0000tw-00-00089	IAH	/m/0136st
clueweb12-0000tw-00-00089	IMO	/m/03w38
clueweb12-0000tw-00-00089	IMO	/m/03w38
clueweb12-0000tw-00-00089	East Coast	/m/0m8cr
clueweb12-0000tw-00-00089	East Coast	/m/0m8cr
clueweb12-0000tw-00-00089	LHR	/m/03jn4
clueweb12-0000tw-00-00089	DUB	/m/0190y4
clueweb12-0000tw-00-00089	FRA	/m/0f8l9c
clueweb12-0000tw-00-00089	AMS	/m/03m3kw
clueweb12-0000tw-00-00090	Ghost Adventures	/m/0522tkb
clueweb12-0000tw-00-00092	Log In	/m/02pvq3t
